requested_density,run,initial_fuel,final_fuel,burned_fuel,burn_fraction,duration_generations,peak_active_fire,peak_active_fraction,time_to_peak,max_burn_rate,dynamic_frames,initial_grass,burned_grass_fraction,initial_bush,burned_bush_fraction,initial_tree,burned_tree_fraction
50.0,1,131132.0,131128.0,4.0,3.0503614678339382e-05,2.0,16.0,0.00012201445871335753,2.0,2.2877711008754536e-05,3,43845.0,4.561523548865321e-05,43599.0,4.5872611757150394e-05,43688.0,0.0
50.0,2,131127.0,131112.0,15.0,0.00011439291679059232,5.0,19.0,0.00014489769460141694,1.0,5.338336116894309e-05,6,43483.0,0.00018397994618586574,43721.0,2.2872303927174583e-05,43923.0,0.00013660269107301413
50.0,3,130756.0,130724.0,32.0,0.00024473064333567864,6.0,20.0,0.00015295665208479918,2.0,6.883049343815963e-05,7,43601.0,0.0004587050755716612,43462.0,0.00016106023652846165,43693.0,0.00011443480649074223
50.0,4,131482.0,131469.0,13.0,9.887284951552304e-05,4.0,20.0,0.00015211207617772774,1.0,6.08448304710911e-05,5,43897.0,9.112240016402031e-05,44037.0,0.00013624906328768988,43548.0,6.888950124001103e-05
50.0,5,130931.0,130905.0,26.0,0.00019857787689699154,6.0,21.0,0.00016038982364757008,2.0,5.346327454919003e-05,7,43722.0,0.00029733315035908694,43704.0,0.00018304960644334616,43505.0,0.00011492931846914148
50.0,6,131065.0,131042.0,23.0,0.00017548544615267233,7.0,24.0,0.00018311524815931026,1.0,9.155762407965513e-05,8,43603.0,0.00034401302662660825,43629.0,0.0001833642760549176,43833.0,0.0
50.0,7,130648.0,130635.0,13.0,9.950401077704979e-05,6.0,17.0,0.0001301206294776805,1.0,3.8270773375788375e-05,7,43852.0,0.00013682386208154702,43652.0,9.163383121048291e-05,43144.0,6.953458186538105e-05
50.0,8,130573.0,130565.0,8.0,6.126840924233953e-05,3.0,17.0,0.00013019536963997151,1.0,3.829275577646221e-05,4,43397.0,0.00011521533746572344,43311.0,2.308882270093048e-05,43865.0,4.559443747862761e-05
50.0,9,131055.0,131045.0,10.0,7.630384189843959e-05,3.0,20.0,0.00015260768379687917,2.0,4.578230513906375e-05,4,43328.0,0.00011539881831610044,43904.0,6.833090379008747e-05,43823.0,4.563813522579467e-05
50.0,10,131006.0,130974.0,32.0,0.0002442636215135185,9.0,20.0,0.00015266476344594904,2.0,5.3432667206082165e-05,10,43624.0,0.0005043095543737392,43578.0,0.00016063151131304787,43804.0,6.84868961738654e-05
50.0,11,131297.0,131267.0,30.0,0.00022848960753101745,7.0,21.0,0.00015994272527171223,1.0,6.854688225930524e-05,8,43447.0,0.00036826478237853016,43904.0,0.00022776967930029153,43946.0,9.102079825240067e-05
50.0,12,130820.0,130800.0,20.0,0.00015288182235132243,4.0,23.0,0.0001758140957040208,1.0,8.408500229322734e-05,5,43627.0,0.00020629426731152726,43745.0,0.00020573779860555492,43448.0,4.603203829865586e-05
50.0,13,131192.0,131178.0,14.0,0.00010671382401365937,4.0,17.0,0.00012958107201658638,1.0,3.811208000487834e-05,5,43835.0,0.00011406410402646287,43569.0,0.00013771259381670453,43788.0,6.851192107426693e-05
50.0,14,131129.0,131120.0,9.0,6.863470323116931e-05,4.0,17.0,0.00012964332832554203,2.0,3.050431254718636e-05,5,43448.0,0.00016111213404529552,43601.0,4.587050755716612e-05,44080.0,0.0
50.0,15,131292.0,131278.0,14.0,0.00010663254425250586,5.0,20.0,0.00015233220607500838,2.0,5.331627212625293e-05,6,43919.0,0.0001821535098704433,43337.0,6.922491173823753e-05,44036.0,6.812607866291217e-05
50.0,16,131495.0,131473.0,22.0,0.00016730674170120538,7.0,20.0,0.0001520970379101867,2.0,4.562911137305601e-05,8,44109.0,0.00034006665306400053,43661.0,9.161494239710497e-05,43725.0,6.86106346483705e-05
50.0,17,131548.0,131528.0,20.0,0.0001520357588104722,5.0,22.0,0.00016723933469151944,2.0,5.321251558366528e-05,6,43832.0,0.00029658696842489507,43716.0,0.0001372495196266813,44000.0,2.2727272727272726e-05
50.0,18,131283.0,131262.0,21.0,0.00015995978154064122,6.0,20.0,0.00015234264908632497,2.0,3.808566227158124e-05,7,43833.0,0.000319394063833185,43737.0,6.859181013786954e-05,43713.0,9.150595932560108e-05
50.0,19,131282.0,131245.0,37.0,0.0002818360475922061,12.0,20.0,0.0001523438095093006,2.0,5.332033332825521e-05,13,43614.0,0.0006190672719768881,43853.0,0.00015962419902857273,43815.0,6.846970215679562e-05
50.0,20,131030.0,131010.0,20.0,0.00015263680073265663,4.0,23.0,0.00017553232084255513,2.0,5.3422880256429824e-05,5,43634.0,0.0002750148966402347,43752.0,0.0001599926860486378,43644.0,2.291265695170012e-05
50.0,21,131506.0,131484.0,22.0,0.00016729274709899168,4.0,26.0,0.00019770961020789925,2.0,6.843794199504205e-05,5,44114.0,0.00024935394659291837,43529.0,0.00011486595143467573,43863.0,0.00013678954927843514
50.0,22,131075.0,131062.0,13.0,9.917985885943162e-05,4.0,18.0,0.00013732595842075147,2.0,3.814609956131986e-05,5,43645.0,0.00018329705579104135,43498.0,6.896868821555014e-05,43932.0,4.552490212146044e-05
50.0,23,130857.0,130844.0,13.0,9.934508662127361e-05,5.0,19.0,0.00014519666506186143,1.0,5.349350818068579e-05,6,43409.0,0.00020733027713147042,43682.0,9.15708987683714e-05,43766.0,0.0
50.0,24,131399.0,131384.0,15.0,0.00011415611990958836,4.0,22.0,0.00016742897586739626,2.0,6.0883263951780456e-05,5,43911.0,0.0002277333697706725,43666.0,6.870333898227454e-05,43822.0,4.5639176669252884e-05
50.0,25,130954.0,130945.0,9.0,6.872642301876995e-05,3.0,17.0,0.00012981657681323213,1.0,3.818134612153886e-05,4,43808.0,9.130752373995617e-05,43530.0,6.891798759476223e-05,43616.0,4.5854732208363906e-05
50.0,26,130933.0,130921.0,12.0,9.164992782568183e-05,3.0,21.0,0.00016038737369494322,2.0,4.582496391284092e-05,4,43813.0,0.00011412137949923538,43360.0,0.00011531365313653136,43760.0,4.570383912248629e-05
50.0,27,131313.0,131302.0,11.0,8.37693145385453e-05,4.0,18.0,0.00013707706015398324,1.0,4.5692353384661075e-05,5,43621.0,0.00013754842850920428,43768.0,9.139097057210747e-05,43924.0,2.2766596849102996e-05
50.0,28,130898.0,130894.0,4.0,3.055814450946538e-05,2.0,15.0,0.0001145930419104952,1.0,2.291860838209904e-05,3,43692.0,4.577497024626934e-05,43440.0,2.302025782688766e-05,43766.0,2.2848786729424668e-05
50.0,29,130956.0,130936.0,20.0,0.00015272305201747153,6.0,20.0,0.00015272305201747153,2.0,3.818076300436788e-05,7,43569.0,0.00022952098969450757,43746.0,0.000182873862753166,43641.0,4.582846405902706e-05
50.0,30,130984.0,130971.0,13.0,9.924876320772003e-05,5.0,18.0,0.0001374213644414585,2.0,3.053808098699078e-05,6,43637.0,0.00016041432729106033,43704.0,0.00011440600402709134,43643.0,2.2913181953577892e-05
55.0,1,144030.0,144007.0,23.0,0.00015968895369020342,4.0,25.0,0.0001735749496632646,2.0,6.248698187877525e-05,5,47898.0,0.0002505323813102844,47846.0,0.000209003887472307,48286.0,2.070993662759392e-05
55.0,2,144344.0,144327.0,17.0,0.00011777420606329325,4.0,20.0,0.00013855788948622736,2.0,4.15673668458682e-05,5,47969.0,0.00018762117200692114,48185.0,8.301338590847774e-05,48190.0,8.300477277443452e-05
55.0,3,144142.0,144126.0,16.0,0.00011100165114956086,5.0,18.0,0.00012487685754325594,2.0,3.468801598423777e-05,6,48205.0,0.00022819209625557515,47964.0,4.1697940121757986e-05,47973.0,6.253517603652055e-05
55.0,4,143850.0,143818.0,32.0,0.0002224539450816823,8.0,24.0,0.00016684045881126174,2.0,5.5613486270420575e-05,9,47819.0,0.00041824379430770197,47880.0,0.00018796992481203009,48151.0,6.230400199372806e-05
55.0,5,143998.0,143992.0,6.0,4.1667245378408035e-05,3.0,16.0,0.00011111265434242142,1.0,2.7778163585605356e-05,4,47928.0,8.345852111500584e-05,48001.0,2.0832899314597614e-05,48069.0,2.0803428405001145e-05
55.0,6,144359.0,144337.0,22.0,0.0001523978414923905,5.0,18.0,0.00012468914303922859,1.0,4.1563047679742866e-05,6,47882.0,0.0002715007727329685,48049.0,0.00012487252596307934,48428.0,6.194763360039647e-05
55.0,7,144054.0,144022.0,32.0,0.00022213892012717452,6.0,25.0,0.0001735460313493551,2.0,7.636025379371625e-05,7,48174.0,0.0003944036202100718,47721.0,0.00018859621550260892,48159.0,8.305820303577732e-05
55.0,8,144134.0,144119.0,15.0,0.00010406982391385794,5.0,16.0,0.0001110078121747818,1.0,2.775195304369545e-05,6,48385.0,0.0001860080603492818,47830.0,8.3629521220991e-05,47919.0,4.17370980195747e-05
55.0,9,144572.0,144562.0,10.0,6.916968707633566e-05,4.0,18.0,0.0001245054367374042,1.0,4.15018122458014e-05,5,47860.0,0.00012536564981195154,48157.0,6.229623938368254e-05,48555.0,2.0595201318092884e-05
55.0,10,144351.0,144302.0,49.0,0.00033945036750697953,13.0,23.0,0.00015933384597266386,2.0,5.542046816440482e-05,14,47827.0,0.0006272607522947289,48217.0,0.00014517701225708776,48307.0,0.0002484112033452709
55.0,11,144162.0,144141.0,21.0,0.00014566945519623757,5.0,24.0,0.00016647937736712865,2.0,5.5493125789042884e-05,6,48071.0,0.00018722306588171662,48099.0,0.00014553317116779976,47992.0,0.00010418403067177862
55.0,12,144215.0,144206.0,9.0,6.24068231459973e-05,4.0,17.0,0.00011787955483132822,1.0,3.467045730333183e-05,5,48251.0,4.144991813641168e-05,48005.0,0.0001249869805228622,47959.0,2.0851143685231133e-05
55.0,13,144238.0,144210.0,28.0,0.000194123601270123,7.0,23.0,0.00015945867247188673,2.0,5.5463886077177994e-05,8,48112.0,0.0004364815430661789,47960.0,6.255212677231025e-05,48166.0,8.304613212639621e-05
55.0,14,144341.0,144309.0,32.0,0.00022169723086302575,7.0,20.0,0.0001385607692893911,2.0,4.8496269251286886e-05,8,48123.0,0.0003948216029757081,48316.0,0.00022766785329911418,47902.0,4.1751910149889354e-05
55.0,15,144163.0,144140.0,23.0,0.00015954162996053078,7.0,22.0,0.00015260503735355118,2.0,4.16195556418776e-05,8,47871.0,0.0003133421069123269,48277.0,6.214139238146529e-05,48015.0,0.00010413412475268145
55.0,16,143885.0,143866.0,19.0,0.0001320499009625743,5.0,21.0,0.0001459498905375821,2.0,4.169996872502346e-05,6,48166.0,0.0002491383963791886,47814.0,0.00010457188271217636,47905.0,4.1749295480638766e-05
55.0,17,144474.0,144445.0,29.0,0.00020072815869983526,9.0,22.0,0.00015227653418608191,2.0,4.1529963868931435e-05,10,48205.0,0.0003526605123949798,48118.0,0.00018704019285922108,48151.0,6.230400199372806e-05
55.0,18,144115.0,144102.0,13.0,9.020573847274747e-05,3.0,20.0,0.00013877805918884224,2.0,4.857232071609478e-05,4,47912.0,0.00012522958757722492,48094.0,8.317045785337048e-05,48109.0,6.235839447920348e-05
55.0,19,144165.0,144143.0,22.0,0.00015260292026497417,5.0,20.0,0.00013872992751361288,2.0,4.8555474629764505e-05,6,47939.0,0.00016687874173428732,47904.0,0.000250501002004008,48322.0,4.13890153553247e-05
55.0,20,144350.0,144289.0,61.0,0.00042258399722895737,12.0,24.0,0.00016626255628680292,2.0,6.234845860755108e-05,13,48266.0,0.0009530518377325654,48159.0,0.0002907037106252206,47925.0,2.0865936358894105e-05
55.0,21,144495.0,144476.0,19.0,0.00013149243918474687,5.0,20.0,0.00013841309387868092,2.0,4.844458285753832e-05,6,47769.0,0.0002721430216249032,48361.0,8.271127561464817e-05,48365.0,4.1352217512664116e-05
55.0,22,144569.0,144549.0,20.0,0.00013834224487960765,6.0,23.0,0.00015909358161154882,2.0,5.533689795184306e-05,7,47944.0,0.0002502920073418989,48411.0,0.0001239387742455227,48214.0,4.148172729912474e-05
55.0,23,144279.0,144266.0,13.0,9.010320282230955e-05,4.0,19.0,0.00013168929643260626,2.0,4.158609361029672e-05,5,47883.0,0.00014618967065555626,48417.0,8.261561021955099e-05,47979.0,4.1684903812084455e-05
55.0,24,144128.0,144098.0,30.0,0.00020814831261101242,5.0,24.0,0.00016651865008880995,2.0,6.938277087033747e-05,6,48175.0,0.0003943954333160353,47708.0,0.00014672591598893268,48245.0,8.291014612913255e-05
55.0,25,144409.0,144390.0,19.0,0.000131570746975604,5.0,20.0,0.00013849552313221475,2.0,4.154865693966443e-05,6,48022.0,0.00018741410186997627,48302.0,0.00014492153534015155,48085.0,6.238951856088178e-05
55.0,26,144055.0,144018.0,37.0,0.0002568463434105029,9.0,23.0,0.00015966124049842075,2.0,6.247613758633855e-05,10,47734.0,0.0005446851300959484,48371.0,0.00014471480845961422,47950.0,8.342022940563087e-05
55.0,27,143817.0,143778.0,39.0,0.0002711779553182169,6.0,28.0,0.00019469186535666855,2.0,9.039265177273897e-05,7,48018.0,0.0004998125702861427,47884.0,0.00025060563027316015,47915.0,6.261087342168423e-05
55.0,28,143951.0,143931.0,20.0,0.000138936165778633,7.0,18.0,0.0001250425492007697,2.0,3.473404144465825e-05,8,47934.0,0.0002294822046981266,47888.0,0.0001252923488138991,48129.0,6.233248145608676e-05
55.0,29,144360.0,144350.0,10.0,6.927126627874758e-05,3.0,17.0,0.00011776115267387087,1.0,3.463563313937379e-05,4,48129.0,8.310997527478235e-05,48252.0,6.217358865953743e-05,47979.0,6.252735571812669e-05
55.0,30,144140.0,144125.0,15.0,0.00010406549188289164,5.0,20.0,0.00013875398917718884,2.0,3.468849729429721e-05,6,47941.0,0.00010429486243507645,48352.0,0.00010340833884844474,47847.0,0.0001044997596505528
60.0,1,157238.0,157190.0,48.0,0.00030526971851588036,12.0,25.0,0.00015899464506035436,2.0,6.359785802414175e-05,13,52132.0,0.0004987339829663163,52416.0,0.0003243284493284493,52690.0,9.48946669197191e-05
60.0,2,157016.0,157008.0,8.0,5.09502216334641e-05,3.0,17.0,0.00010826922097111123,1.0,3.184388852091507e-05,4,52359.0,3.819782654366966e-05,52062.0,7.68314701701817e-05,52595.0,3.8026428367715565e-05
60.0,3,157490.0,157431.0,59.0,0.0003746269604419328,15.0,21.0,0.00013334179947933203,2.0,5.0796875992126486e-05,16,52425.0,0.000648545541249404,52539.0,0.0003806695978225699,52526.0,9.519095305182195e-05
60.0,4,157117.0,157079.0,38.0,0.00024185797844918119,8.0,27.0,0.00017184645837178662,2.0,6.364683643399504e-05,9,52309.0,0.0003632262134623105,52280.0,0.00019127773527161438,52528.0,0.00017133719159305514
60.0,5,157208.0,157194.0,14.0,8.905399216324868e-05,4.0,21.0,0.00013358098824487304,1.0,5.7248994962088445e-05,5,52105.0,0.00017272814509164188,52485.0,7.621225111936744e-05,52618.0,1.9004903265042382e-05
60.0,6,157412.0,157385.0,27.0,0.00017152440728788147,8.0,21.0,0.00013340787233501894,2.0,3.811653495286255e-05,9,52492.0,0.00028575782976453555,52884.0,0.0001512744875576734,52036.0,7.686985932815743e-05
60.0,7,157267.0,157223.0,44.0,0.0002797789746100581,12.0,17.0,0.00010809642200843153,1.0,3.8151678355917006e-05,13,52741.0,0.0004929751047572097,52221.0,0.0002872407652093985,52305.0,5.735589331803843e-05
60.0,8,157115.0,157097.0,18.0,0.00011456576393087865,4.0,21.0,0.00013366005791935843,2.0,5.0918117302612735e-05,5,52461.0,0.000152494233811784,52346.0,0.0001528292515187407,52308.0,3.823506920547526e-05
60.0,9,157151.0,157127.0,24.0,0.00015271935908775636,8.0,21.0,0.00013362943920178683,2.0,3.817983977193909e-05,9,52440.0,0.0003241800152555301,52443.0,9.534160898499323e-05,52268.0,3.826432999158185e-05
60.0,10,157866.0,157850.0,16.0,0.00010135177935717634,5.0,17.0,0.00010768626556699987,1.0,3.167243104911761e-05,6,52808.0,0.00020830177245871837,52419.0,7.630820885556764e-05,52639.0,1.8997321377685746e-05
60.0,11,157612.0,157566.0,46.0,0.00029185595005456436,11.0,22.0,0.00013958328046087862,2.0,5.075755653122859e-05,12,52627.0,0.0005130446348832349,52642.0,0.0002849435811709282,52343.0,7.641900540664463e-05
60.0,12,156798.0,156759.0,39.0,0.00024872766234263193,6.0,32.0,0.00020408423576831337,2.0,7.653158841311751e-05,7,52356.0,0.0004775001910000764,52399.0,0.00011450600202293937,52043.0,0.00015371904002459504
60.0,13,157494.0,157475.0,19.0,0.00012063951642602257,4.0,25.0,0.00015873620582371393,2.0,5.714503409653701e-05,5,52726.0,0.00018965975040776846,52235.0,0.00013400976356848856,52533.0,3.807130755905812e-05
60.0,14,157147.0,157118.0,29.0,0.0001845405893844617,11.0,21.0,0.00013363284058874811,1.0,5.727121739517776e-05,12,51877.0,0.0002891454787285309,52973.0,0.00020765295527910445,52297.0,5.736466718932252e-05
60.0,15,157509.0,157485.0,24.0,0.0001523722453955012,4.0,24.0,0.0001523722453955012,2.0,6.348843558145884e-05,5,52425.0,0.0003051979017644254,52688.0,9.489826905557243e-05,52396.0,5.725627910527521e-05
60.0,16,157497.0,157479.0,18.0,0.00011428789119792757,6.0,19.0,0.00012063721848670134,2.0,2.539730915509502e-05,7,52304.0,0.00015295197308045274,52478.0,0.00017150043827889781,52715.0,1.8969932656739068e-05
60.0,17,157023.0,156994.0,29.0,0.000184686319838495,9.0,23.0,0.00014647535711328913,2.0,5.7316444087808795e-05,10,52159.0,0.00042178722751586495,52370.0,7.637960664502578e-05,52494.0,5.7149388501543034e-05
60.0,18,157143.0,157111.0,32.0,0.000203636178512565,5.0,25.0,0.0001590907644629414,2.0,5.090904462814125e-05,6,52190.0,0.00040237593408698984,52757.0,0.0001705934757472942,52196.0,3.831711242240785e-05
60.0,19,157423.0,157407.0,16.0,0.0001016369907827954,4.0,19.0,0.00012069392655456954,2.0,3.176155961962356e-05,5,52214.0,0.00017236756425479757,52648.0,5.698222154687737e-05,52561.0,7.61020528528757e-05
60.0,20,157803.0,157768.0,35.0,0.00022179552986952085,10.0,22.0,0.0001394143330608417,2.0,4.435910597390417e-05,11,52542.0,0.00034258307639602604,52805.0,0.00020831360666603542,52456.0,0.00011438157694067408
60.0,21,158025.0,157976.0,49.0,0.000310077519379845,10.0,25.0,0.00015820281601012498,1.0,8.226546432526499e-05,11,52719.0,0.0006259602799749616,52449.0,0.0002097275448530954,52857.0,9.459485025635204e-05
60.0,22,156799.0,156786.0,13.0,8.290869201971951e-05,7.0,18.0,0.0001147966504888424,2.0,2.5510366775298312e-05,8,52248.0,0.00017225539733578318,52265.0,3.8266526356070027e-05,52286.0,3.82511570975022e-05
60.0,23,157406.0,157359.0,47.0,0.0002985909050480922,8.0,28.0,0.00017788394343290598,2.0,6.988297777721307e-05,9,52271.0,0.000516538807369287,52435.0,0.0002860684657194622,52700.0,9.487666034155598e-05
60.0,24,157421.0,157387.0,34.0,0.0002159813493752422,8.0,22.0,0.00013975263783103906,2.0,5.081914102946875e-05,9,52742.0,0.00036024420765234537,52341.0,0.0001910548136260293,52338.0,9.553288241812832e-05
60.0,25,157541.0,157506.0,35.0,0.00022216438895271708,9.0,21.0,0.00013329863337163025,1.0,5.7127985730698676e-05,10,52621.0,0.0003420687558199198,52484.0,0.0002858013870893987,52436.0,3.8141734686093524e-05
60.0,26,157401.0,157376.0,25.0,0.00015882999472684417,9.0,19.0,0.00012071079599240158,2.0,3.8119198734442604e-05,10,52933.0,0.000283377099352011,52089.0,9.598955633627061e-05,52379.0,9.545810343840089e-05
60.0,27,157462.0,157443.0,19.0,0.00012066403322706431,6.0,20.0,0.00012701477181796243,1.0,5.080590872718497e-05,7,52455.0,0.0001906395958440568,52502.0,9.523446725839016e-05,52505.0,7.618322064565279e-05
60.0,28,157109.0,157096.0,13.0,8.274510053529715e-05,3.0,19.0,0.00012093514693620353,2.0,3.819004640090638e-05,4,52653.0,0.0001329458910223539,52083.0,7.680049152314575e-05,52373.0,3.818761575621026e-05
60.0,29,156867.0,156809.0,58.0,0.000369739970803292,11.0,24.0,0.00015299584998756908,2.0,5.099861666252303e-05,12,52265.0,0.0005739978953410505,52205.0,0.00036394981323628004,52397.0,0.00017176555909689486
60.0,30,157125.0,157090.0,35.0,0.00022275258552108195,6.0,21.0,0.00013365155131264916,2.0,5.727923627684964e-05,7,52217.0,0.0003447153225960894,52327.0,0.00019110593001700843,52581.0,0.00013312793594644453
65.0,1,170284.0,170249.0,35.0,0.00020553898193605976,7.0,25.0,0.00014681355852575698,2.0,5.872542341030279e-05,8,56933.0,0.0003161611016457942,56777.0,0.0001761276573260299,56574.0,0.00012373174956693887
65.0,2,170723.0,170681.0,42.0,0.00024601254663987864,11.0,25.0,0.00014643603966659442,2.0,5.2716974279973994e-05,12,57236.0,0.000401844992661961,56756.0,0.00021143139051377829,56731.0,0.00012338932858578202
65.0,3,170622.0,170562.0,60.0,0.0003516545345852235,8.0,28.0,0.0001641054494731043,2.0,7.033090691704469e-05,9,57066.0,0.0005257070760172432,56603.0,0.00031800434605939613,56953.0,0.00021070005091917897
65.0,4,170242.0,170118.0,124.0,0.0007283749016106484,26.0,26.0,0.0001527237696925553,2.0,7.048789370425629e-05,27,56897.0,0.0013884739089934442,56656.0,0.0005295114374470488,56689.0,0.0002646015981936531
65.0,5,170387.0,170352.0,35.0,0.00020541473234460375,6.0,26.0,0.0001525938011702771,2.0,5.8689923527029644e-05,7,56488.0,0.00033635462399093615,57094.0,0.00017514975303884822,56805.0,0.00010562450488513335
65.0,6,170530.0,170505.0,25.0,0.00014660177094939306,7.0,22.0,0.0001290095584354659,2.0,4.6912566703805784e-05,8,56573.0,0.0002828204267053188,57150.0,0.00012248468941382327,56807.0,3.52069287235728e-05
65.0,7,170611.0,170579.0,32.0,0.00018756117718083827,6.0,23.0,0.0001348095960987275,2.0,5.2751581082110764e-05,7,57052.0,0.0002804459089953025,56740.0,0.00017624250969333803,56819.0,0.0001055984793818969
65.0,8,170489.0,170449.0,40.0,0.000234619242297157,6.0,28.0,0.0001642334696080099,2.0,5.865481057428925e-05,7,56800.0,0.00035211267605633805,56631.0,0.00026487259628118874,57058.0,8.763013074415507e-05
65.0,9,170640.0,170614.0,26.0,0.00015236755743084856,6.0,21.0,0.0001230661040787623,2.0,4.688232536333802e-05,7,56695.0,0.0002822118352588412,57172.0,0.00015741971594486812,56773.0,1.7614006658094517e-05
65.0,10,170306.0,170214.0,92.0,0.0005402041032024708,19.0,19.0,0.00011156389087877115,2.0,5.8717837304616395e-05,20,56245.0,0.001191216997066406,56733.0,0.0003701549362804717,57328.0,6.977393245883338e-05
65.0,11,170788.0,170683.0,105.0,0.0006147972925498278,18.0,32.0,0.00018736679391994753,2.0,8.78281846499754e-05,19,56907.0,0.0011246419596886148,56898.0,0.0005624099265352033,56983.0,0.000157941842303845
65.0,12,170843.0,170799.0,44.0,0.00025754640225236037,7.0,26.0,0.0001521865104218493,2.0,6.438660056309009e-05,8,56957.0,0.00045648471654054814,57172.0,0.0001924018750437277,56714.0,0.00012342631449024932
65.0,13,170461.0,170402.0,59.0,0.0003461202269140742,12.0,23.0,0.00013492822405124927,2.0,4.693155619173887e-05,13,56952.0,0.0005969939598258182,57027.0,0.0003156399600189384,56482.0,0.00012393328848128607
65.0,14,170685.0,170581.0,104.0,0.0006093095468260245,22.0,24.0,0.00014060989542139028,2.0,7.030494771069514e-05,23,57245.0,0.0012402829941479605,56666.0,0.0005294179931528606,56774.0,5.2841089230986015e-05
65.0,15,170166.0,170109.0,57.0,0.0003349670321920948,19.0,21.0,0.00012340890659708756,2.0,4.113630219902918e-05,20,56612.0,0.0006712357803999152,56865.0,0.0002110261144816671,56689.0,0.00012348074582370477
65.0,16,170339.0,170308.0,31.0,0.00018199003164278291,4.0,26.0,0.00015263680073265663,2.0,7.631840036632832e-05,5,56503.0,0.0002477744544537458,56780.0,0.00017611835153222966,57056.0,0.00012268648345485137
65.0,17,170419.0,170395.0,24.0,0.00014082936761746048,7.0,25.0,0.00014669725793485468,2.0,5.281101285654769e-05,8,56697.0,0.00028220188017002664,57005.0,7.016928339619331e-05,56717.0,7.052559197418764e-05
65.0,18,170268.0,170231.0,37.0,0.00021730448469471655,7.0,30.0,0.00017619282542814856,2.0,7.047713017125943e-05,8,56700.0,0.00033509700176366844,56802.0,0.00019365515298757087,56766.0,0.00012331325088961703
65.0,19,170571.0,170551.0,20.0,0.00011725322592937838,4.0,25.0,0.000146566532411723,2.0,5.276395166822027e-05,5,56858.0,0.00028140279292271977,57115.0,3.5017070822025735e-05,56598.0,3.533693770097883e-05
65.0,20,170646.0,170595.0,51.0,0.00029886431560071725,12.0,24.0,0.00014064203087092578,2.0,6.446093081584098e-05,13,56431.0,0.0005670642023001542,56921.0,0.0001756820856977214,57294.0,0.00015708451146716933
65.0,21,170521.0,170449.0,72.0,0.000422235384498097,12.0,31.0,0.00018179579054779176,2.0,7.623694442326752e-05,13,56863.0,0.0008265480189226738,57128.0,0.0003500910236661532,56530.0,8.84486113568017e-05
65.0,22,169810.0,169775.0,35.0,0.0002061127142099994,5.0,24.0,0.00014133443260114245,2.0,6.477828160885696e-05,6,56589.0,0.0003887681351499408,56295.0,0.00012434496846966872,56926.0,0.0001053999929733338
65.0,23,170087.0,170056.0,31.0,0.00018225966711153704,8.0,24.0,0.0001411042584089319,2.0,5.291409690334946e-05,9,56628.0,0.0003531821713639895,56672.0,0.0001411631846414455,56787.0,5.282899255111205e-05
65.0,24,170593.0,170483.0,110.0,0.0006448095760083943,14.0,24.0,0.00014068572567455873,2.0,8.206667331015926e-05,15,56824.0,0.0013374630437843166,56855.0,0.00047489226980916365,56914.0,0.0001229925853041431
65.0,25,170081.0,170074.0,7.0,4.115686055467689e-05,3.0,18.0,0.00010583192714059772,2.0,2.3518206031243936e-05,4,56698.0,5.291191929168577e-05,56708.0,5.290258870000705e-05,56675.0,1.76444640494045e-05
65.0,26,170721.0,170684.0,37.0,0.0002167278776483268,8.0,22.0,0.00012886522454765378,2.0,4.686008165369228e-05,9,56717.0,0.0004231535518451258,57072.0,0.00017521726941407346,56932.0,5.2694442492798425e-05
65.0,27,170236.0,170172.0,64.0,0.00037594868300476985,15.0,23.0,0.00013510655795483917,2.0,5.286778354754576e-05,16,56985.0,0.0006492936737738001,56606.0,0.000370985407907289,56645.0,0.00010592285285550358
65.0,28,170178.0,170137.0,41.0,0.0002409242087696412,8.0,25.0,0.0001469050053473422,2.0,6.463820235283056e-05,9,56970.0,0.00036861506055818854,56643.0,0.00019419875359709055,56565.0,0.00015910898965791568
65.0,29,170288.0,170234.0,54.0,0.0003171098374518463,8.0,24.0,0.0001409377055341539,2.0,7.046885276707695e-05,9,56787.0,0.00045785126877630444,56509.0,0.0003185333309738272,56992.0,0.00017546322290847838
65.0,30,170340.0,170311.0,29.0,0.00017024773981448867,5.0,25.0,0.00014676529294352473,2.0,5.870611717740989e-05,6,56503.0,0.0003008689804081199,57160.0,0.00010496850944716585,56677.0,0.00010586304850292005
70.0,1,183246.0,183125.0,121.0,0.0006603145498401057,21.0,28.0,0.00015280006112002446,2.0,6.0028595440009604e-05,22,60703.0,0.0012684710805067295,61348.0,0.0006031166460194301,61195.0,0.00011438843042732249
70.0,2,183411.0,183394.0,17.0,9.268800671715437e-05,5.0,18.0,9.814024240639874e-05,1.0,3.2713414135466246e-05,6,61045.0,0.0001965762961749529,61007.0,3.278312324815185e-05,61359.0,4.8892582995159634e-05
70.0,3,183435.0,183403.0,32.0,0.00017444871480360892,5.0,25.0,0.00013628805844031946,2.0,4.906370103851501e-05,6,61126.0,0.00026175440892582533,60988.0,0.0001967600183642684,61321.0,6.5230508308736e-05
70.0,4,183652.0,183599.0,53.0,0.0002885892884368262,17.0,23.0,0.00012523686101975477,2.0,4.900572822512142e-05,18,60989.0,0.0006558559740281034,61309.0,0.00017941900862842322,61354.0,3.2597711640642824e-05
70.0,5,183478.0,183436.0,42.0,0.0002289102780714854,9.0,27.0,0.00014715660733166918,2.0,5.450244715987748e-05,10,61055.0,0.000311194824338711,60794.0,0.0002467348751521532,61629.0,0.00012980901848155902
70.0,6,183451.0,183386.0,65.0,0.0003543180467808843,13.0,26.0,0.0001417272187123537,2.0,5.996151560907272e-05,14,60944.0,0.00047584667891835126,60729.0,0.0004610647301947998,61778.0,0.00012949593706497459
70.0,7,183543.0,183528.0,15.0,8.17247184583449e-05,7.0,16.0,8.717303302223458e-05,2.0,1.6344943691668983e-05,8,60895.0,9.853025699975368e-05,61596.0,9.74089226573154e-05,61052.0,4.913843936316583e-05
70.0,8,183539.0,183500.0,39.0,0.00021248889881714513,7.0,24.0,0.0001307623992720893,2.0,4.903589972703349e-05,8,60952.0,0.00032812705079406746,61762.0,0.00022667659726045142,60825.0,8.220304151253596e-05
70.0,9,183761.0,183714.0,47.0,0.0002557670017032994,8.0,23.0,0.0001251625753016146,2.0,4.89766599006318e-05,9,61198.0,0.0004248504853099774,61309.0,0.00021204064656086383,61254.0,0.00013060371567571096
70.0,10,183556.0,183413.0,143.0,0.0007790538037438165,33.0,21.0,0.00011440650264769334,2.0,5.447928697509207e-05,34,61115.0,0.001325370203714309,61504.0,0.0008454734651404787,60937.0,0.0001641039105961895
70.0,11,183534.0,183487.0,47.0,0.00025608334150620596,9.0,25.0,0.00013621454335436485,2.0,5.4485817341745945e-05,10,61452.0,0.00037427585757989976,60908.0,0.00031194588559795103,61174.0,8.17340700297512e-05
70.0,12,183724.0,183669.0,55.0,0.0002993620866081731,10.0,28.0,0.00015240251681870632,2.0,5.442947029239511e-05,11,61228.0,0.0004899719082772588,61330.0,0.0002445785097016142,61166.0,0.00016348952032174736
70.0,13,183466.0,183427.0,39.0,0.0002125734468511877,7.0,26.0,0.00014171563123412513,2.0,6.540721441575005e-05,8,61357.0,0.00027706700132014276,60809.0,0.00016444934138038777,61300.0,0.00019575856443719412
70.0,14,183687.0,183586.0,101.0,0.0005498483833913124,26.0,25.0,0.0001361010849978496,2.0,5.9884477399053826e-05,27,61180.0,0.0009153318077803204,61375.0,0.0005213849287169042,61132.0,0.0002126545835241772
70.0,15,183322.0,183267.0,55.0,0.00030001854660106263,11.0,26.0,0.00014182694930232052,2.0,5.454882665473866e-05,12,60941.0,0.0005907353013570502,60992.0,0.00021314270724029382,61389.0,9.773737966085129e-05
70.0,16,183516.0,183432.0,84.0,0.0004577257568822337,25.0,21.0,0.00011443143922055843,2.0,3.269469692015955e-05,26,61317.0,0.0009622127631814994,61180.0,0.00031055900621118014,61019.0,9.833002835182484e-05
70.0,17,183495.0,183454.0,41.0,0.00022343933077195564,10.0,24.0,0.00013079375459821793,2.0,4.9047657974331723e-05,11,60909.0,0.00041044837380354297,61455.0,0.0001464486209421528,61131.0,0.00011450818733539448
70.0,18,183756.0,183717.0,39.0,0.0002122379677398289,6.0,29.0,0.00015781797601166766,2.0,5.441999172816126e-05,7,61083.0,0.0003765368433115597,61457.0,0.00016271539450347399,61216.0,9.801359121798223e-05
70.0,19,183427.0,183346.0,81.0,0.00044159256816063067,13.0,28.0,0.00015264928282095875,2.0,6.542112120898231e-05,14,61263.0,0.0008161533062370436,61252.0,0.0003428459478874159,60912.0,0.00016417126346204361
70.0,20,183773.0,183689.0,84.0,0.00045708564370174076,16.0,26.0,0.00014147888971720546,2.0,6.529794910024868e-05,17,61172.0,0.000801020074543909,61151.0,0.00042517702081732106,61450.0,0.00014646053702196908
70.0,21,183530.0,183451.0,79.0,0.0004304473383098131,11.0,23.0,0.0001253201111534899,2.0,7.62818067890808e-05,12,61270.0,0.0007344540558185083,60960.0,0.00034448818897637795,61300.0,0.00021207177814029364
70.0,22,184084.0,183989.0,95.0,0.000516068751222268,11.0,28.0,0.00015210447404445798,2.0,7.061993437778406e-05,12,61386.0,0.0008470986869970351,61106.0,0.0004745851471213956,61592.0,0.0002273022470450708
70.0,23,183472.0,183396.0,76.0,0.00041423214441440654,16.0,26.0,0.00014171099677334962,2.0,7.085549838667481e-05,17,61300.0,0.0006362153344208809,60963.0,0.000360874628873251,61209.0,0.0002450620006861736
70.0,24,183088.0,182959.0,129.0,0.0007045792187363453,26.0,18.0,9.831337935855982e-05,2.0,5.461854408808879e-05,27,60503.0,0.0013553046956349271,61301.0,0.0005872661131139786,61284.0,0.00017949220024802558
70.0,25,183741.0,183694.0,47.0,0.00025579484165210814,12.0,22.0,0.00011973375566694423,2.0,4.3539547515252446e-05,13,61062.0,0.0004913039206052865,61469.0,0.0001952203549756788,61210.0,8.168599901976801e-05
70.0,26,183511.0,183471.0,40.0,0.00021797058486957186,6.0,29.0,0.0001580286740304396,2.0,6.539117546087155e-05,7,61305.0,0.0003588614305521573,61026.0,0.00018025104054009765,61180.0,0.00011441647597254005
70.0,27,183219.0,183209.0,10.0,5.4579492301562614e-05,3.0,19.0,0.00010370103537296896,1.0,3.820564461109383e-05,4,61024.0,3.277399056109072e-05,61193.0,6.53669537365385e-05,61002.0,6.557162060260319e-05
70.0,28,183947.0,183895.0,52.0,0.00028269012269838595,7.0,26.0,0.00014134506134919297,2.0,6.523618216116599e-05,8,61488.0,0.0004553734061930783,61114.0,0.0002454429426972543,61345.0,0.00014671122340859075
70.0,29,183014.0,182987.0,27.0,0.00014752969718163637,4.0,23.0,0.0001256734457473199,2.0,4.9176565727212124e-05,5,61105.0,0.0001472874560183291,61024.0,0.0001966439433665443,60885.0,9.854644000985464e-05
70.0,30,182953.0,182924.0,29.0,0.00015851065574218516,6.0,25.0,0.00013664711701912512,2.0,5.4658846807650054e-05,7,60866.0,0.00018072487102816022,61014.0,0.00019667617268167962,61073.0,9.82430861428127e-05
75.0,1,196633.0,196577.0,56.0,0.00028479451567132676,8.0,24.0,0.00012205479243056863,2.0,5.594177986401062e-05,9,65458.0,0.0004277552018087934,65769.0,0.0002736851708251608,65406.0,0.00015289117206372503
75.0,2,196857.0,196743.0,114.0,0.0005791005653850257,15.0,31.0,0.00015747471514855962,2.0,8.127727233474044e-05,16,65394.0,0.0009175153683824204,65736.0,0.0005780698551782889,65727.0,0.00024343116223165517
75.0,3,196546.0,196425.0,121.0,0.0006156319640186012,18.0,27.0,0.00013737242172315894,2.0,5.59665421835092e-05,19,65438.0,0.0011614046884073474,65123.0,0.0005067334121585308,65985.0,0.00018185951352580132
75.0,4,196502.0,196453.0,49.0,0.0002493613296556778,16.0,22.0,0.00011195814800867167,2.0,4.071205382133515e-05,17,65521.0,0.0003510324933990629,65296.0,0.0002603528546924773,65685.0,0.00013701758392327016
75.0,5,196099.0,196022.0,77.0,0.00039265881009082146,14.0,32.0,0.00016318288211566607,2.0,7.649197599171847e-05,15,65372.0,0.0007189622468335067,65556.0,0.00032033681127585574,65171.0,0.0001380982338770312
75.0,6,196587.0,196485.0,102.0,0.0005188542477376429,14.0,29.0,0.00014751738416070239,2.0,0.00010173612700738096,15,65426.0,0.0008253599486442698,66031.0,0.0004694764580272902,65130.0,0.00026101642868109934
75.0,7,196257.0,196099.0,158.0,0.000805066825641888,19.0,30.0,0.0001528607896788395,2.0,0.00010700255277518763,20,64984.0,0.0012926258771389881,65705.0,0.0007761966364812419,65568.0,0.00035078086871644706
75.0,8,196582.0,196465.0,117.0,0.000595171480603514,18.0,33.0,0.0001678688791445809,2.0,7.63040359748095e-05,19,65651.0,0.0010967083517387398,65488.0,0.0004733691668702663,65443.0,0.0002139266231682533
75.0,9,196210.0,196174.0,36.0,0.00018347688700881708,7.0,23.0,0.00011722134447785536,2.0,4.586922175220427e-05,8,65220.0,0.00026065624041705,65544.0,0.0002135969730257537,65446.0,7.639886318491581e-05
75.0,10,196421.0,196270.0,151.0,0.0007687569048116037,23.0,29.0,0.00014764205456646693,2.0,7.127547461829438e-05,24,65521.0,0.0013888676912745532,65545.0,0.0005644976733541841,65355.0,0.0003519241068013159
75.0,11,196205.0,196069.0,136.0,0.0006931525700160546,22.0,26.0,0.00013251446191483396,2.0,5.606381081012207e-05,23,65295.0,0.0012405237767057202,65889.0,0.0006222586471186389,65021.0,0.00021531505206010367
75.0,12,196371.0,196185.0,186.0,0.0009471867027208701,24.0,22.0,0.00011203283580569432,2.0,7.129362278544184e-05,25,65437.0,0.0016045967877500497,65543.0,0.0009459438841676457,65391.0,0.00029055986297808566
75.0,13,196715.0,196592.0,123.0,0.0006252700607477823,29.0,26.0,0.00013217090714993772,2.0,5.083496428843759e-05,30,65396.0,0.0012997736864640039,65396.0,0.0003975778335066365,65923.0,0.00018203055079410828
75.0,14,196695.0,196656.0,39.0,0.00019827651948448104,8.0,25.0,0.00012710033300287246,2.0,6.100815984137878e-05,9,65167.0,0.00019948747065232404,65873.0,0.0002428916247931626,65655.0,0.0001523113243469652
75.0,15,196744.0,196397.0,347.0,0.0017637132517382996,51.0,35.0,0.00017789614931077948,2.0,9.657219534013744e-05,52,65359.0,0.0031977233433804065,65685.0,0.0015224175991474462,65700.0,0.0005783866057838661
75.0,16,196823.0,196584.0,239.0,0.00121428898045452,48.0,25.0,0.00012701767577976152,2.0,6.096848437428552e-05,49,65704.0,0.002115548520638013,65398.0,0.001131533074405945,65721.0,0.0003956117527122229
75.0,17,196456.0,196381.0,75.0,0.0003817648735594739,13.0,25.0,0.00012725495785315797,2.0,5.59921814553895e-05,14,65194.0,0.0006288922293462588,65931.0,0.000333682182888171,65331.0,0.0001836800293888047
75.0,18,196635.0,196550.0,85.0,0.0004322729931090599,15.0,25.0,0.00012713911562031174,2.0,5.0855646248124696e-05,16,65599.0,0.0008231832802329304,65433.0,0.0003667874008527807,65603.0,0.00010670243738853407
75.0,19,196323.0,196187.0,136.0,0.000692735950449005,36.0,27.0,0.0001375284607509054,2.0,5.093646694477977e-05,37,65550.0,0.0014645308924485126,65265.0,0.00044434229679000996,65508.0,0.00016791842217744396
75.0,20,196377.0,196315.0,62.0,0.0003157192542914903,11.0,25.0,0.00012730615092398803,2.0,5.601470640655474e-05,12,64920.0,0.000585335797905114,65616.0,0.000243842965130456,65841.0,0.00012150483741133944
75.0,21,196266.0,196238.0,28.0,0.00014266352806904914,5.0,24.0,0.00012228302405918498,2.0,4.5856134022194367e-05,6,65779.0,0.00024323872360479788,65061.0,0.00012296152841179817,65426.0,6.113777397364962e-05
75.0,22,196231.0,196156.0,75.0,0.000382202608150598,14.0,25.0,0.00012740086938353267,2.0,5.605638252875438e-05,15,65608.0,0.0005334715278624558,65538.0,0.0004577497024626934,65085.0,0.00015364523315664132
75.0,23,196404.0,196222.0,182.0,0.0009266613714588298,21.0,29.0,0.00014765483391376957,2.0,6.619009796134498e-05,22,65031.0,0.0014300871891866956,65516.0,0.0008700164845228647,65857.0,0.0004859012709355118
75.0,24,196645.0,196625.0,20.0,0.00010170612016578098,6.0,24.0,0.00012204734419893717,2.0,3.559714205802334e-05,7,65329.0,0.00018368565261981661,65534.0,7.629627368999298e-05,65782.0,4.560518074853303e-05
75.0,25,196478.0,196416.0,62.0,0.0003155569580309246,13.0,20.0,0.00010179256710674987,2.0,4.580665519803744e-05,14,65705.0,0.000532683966212617,65299.0,0.00032159757423544003,65474.0,9.163942939181965e-05
75.0,26,196598.0,196503.0,95.0,0.0004832195647972004,16.0,30.0,0.00015259565204122117,2.0,7.121130428590322e-05,17,65737.0,0.0009279401250437348,65571.0,0.0003507648198136371,65290.0,0.00016847909327615256
75.0,27,196918.0,196674.0,244.0,0.0012390944454036706,32.0,23.0,0.0001167998862470673,2.0,7.10955829329975e-05,33,65726.0,0.002266987189240179,65438.0,0.0011614046884073474,65754.0,0.00028895580497003987
75.0,28,196467.0,196448.0,19.0,9.670835305674745e-05,7.0,19.0,9.670835305674745e-05,2.0,2.5449566593880906e-05,8,65344.0,0.00012242899118511264,65749.0,0.00013688421116670975,65374.0,3.059320219047328e-05
75.0,29,197103.0,196940.0,163.0,0.00082697878774042,23.0,25.0,0.0001268372373835,2.0,6.595536343942e-05,24,65997.0,0.0014546115732533298,65537.0,0.0007629278117704503,65569.0,0.00025926886180969663
75.0,30,196470.0,196353.0,117.0,0.0005955107650022904,18.0,32.0,0.0001628747391459256,2.0,7.125769837634245e-05,19,65990.0,0.0010759205940293983,65023.0,0.0003691001645571567,65457.0,0.00033609850741708297
80.0,1,209789.0,209498.0,291.0,0.0013871079989894609,59.0,28.0,0.00013346743632888284,2.0,6.673371816444142e-05,60,70049.0,0.0025125269454239177,69749.0,0.0012186554645944746,69991.0,0.000428626537697704
80.0,2,209508.0,209389.0,119.0,0.0005679974034404414,15.0,31.0,0.0001479657101399469,2.0,8.114248620577734e-05,16,69872.0,0.0010877032287611632,69751.0,0.00047311149660936763,69885.0,0.00014309222293768333
80.0,3,209814.0,209566.0,248.0,0.0011819992946133242,47.0,30.0,0.00014298378563870856,2.0,6.195964044344038e-05,48,70051.0,0.0019557179769025424,69750.0,0.0011469534050179211,70013.0,0.00044277491323040005
80.0,4,209536.0,209461.0,75.0,0.00035793372021991447,16.0,28.0,0.0001336285888821014,2.0,5.726939523518632e-05,17,69596.0,0.0006322202425426748,69733.0,0.00028680825434155996,70207.0,0.0001566795333798624
80.0,5,209704.0,209589.0,115.0,0.000548392019227101,14.0,28.0,0.00013352153511616373,2.0,6.676076755808186e-05,15,69570.0,0.0009918068132815868,69931.0,0.0005433927728761207,70203.0,0.00011395524407788841
80.0,6,209633.0,209504.0,129.0,0.0006153611311196233,25.0,25.0,0.0001192560331627177,2.0,5.7242895918104494e-05,26,69927.0,0.0009295408068414204,69966.0,0.000671754852356859,69740.0,0.00024376254660166333
80.0,7,209814.0,209698.0,116.0,0.0005528706378030065,16.0,27.0,0.00012868540707483772,2.0,6.672576663139733e-05,17,70076.0,0.000984645242308351,69886.0,0.00047219757891423176,69852.0,0.0002004237530779362
80.0,8,209281.0,209130.0,151.0,0.0007215179591076113,27.0,34.0,0.00016246099741495883,2.0,8.600876333733115e-05,28,69530.0,0.001078671077232849,69710.0,0.0008463635059532349,70041.0,0.00024271498122528234
80.0,9,209757.0,209541.0,216.0,0.001029763011484718,21.0,28.0,0.00013348779778505604,2.0,8.581358429039317e-05,22,69907.0,0.0015306049465718741,69938.0,0.0010580800137264435,69912.0,0.0005006293626273029
80.0,10,209460.0,209334.0,126.0,0.0006015468347178458,18.0,25.0,0.0001193545306979853,2.0,5.729017473503294e-05,19,70409.0,0.0009231774347029499,69135.0,0.0006219715050263977,69916.0,0.00025745179930201955
80.0,11,209910.0,209808.0,102.0,0.0004859225382306703,21.0,22.0,0.00010480682197132104,2.0,4.763946453241866e-05,22,70101.0,0.0007703171138785466,69626.0,0.0005314106799184213,70183.0,0.00015673311200718122
80.0,12,209590.0,209409.0,181.0,0.0008635908201727182,19.0,27.0,0.0001288229400257646,5.0,9.542440001908489e-05,20,70047.0,0.0012134709552157838,69588.0,0.0009628096798298557,69955.0,0.0004145522121363734
80.0,13,209816.0,209359.0,457.0,0.0021780989057078584,39.0,29.0,0.00013821634193769778,15.0,0.00010961985739886376,40,69735.0,0.0038287803828780382,69891.0,0.0022034310569315077,70190.0,0.000512893574583274
80.0,14,209716.0,209481.0,235.0,0.0011205630471685518,27.0,29.0,0.0001382822483739915,7.0,0.00010490377462854528,28,70272.0,0.0017503415300546448,69870.0,0.0011592958351223702,69574.0,0.0004455687469456981
80.0,15,209873.0,209674.0,199.0,0.0009481924783083102,36.0,26.0,0.00012388444440209078,2.0,5.241264955473072e-05,37,69922.0,0.0016589914476130545,70249.0,0.0008683397628435991,69702.0,0.00031562939370462825
80.0,16,209693.0,209555.0,138.0,0.0006581049438941691,16.0,34.0,0.00016214179777102717,2.0,7.630202248048338e-05,17,70090.0,0.0009701811956056499,69650.0,0.0006604450825556354,69953.0,0.0003430875016082227
80.0,17,209517.0,209251.0,266.0,0.0012695867161137283,23.0,33.0,0.00015750511891636477,2.0,0.00010500341261090986,24,70206.0,0.002108081930319346,69553.0,0.001279599729702529,69758.0,0.00041572292783623383
80.0,18,209955.0,209700.0,255.0,0.0012145459741373151,34.0,35.0,0.00016670238860708246,2.0,9.049558238670191e-05,35,70201.0,0.002179456133103517,69543.0,0.0009778122887997354,70211.0,0.0004842546039794334
80.0,19,209433.0,208774.0,659.0,0.003146591033886732,87.0,28.0,0.0001336943079648384,2.0,8.594634083453897e-05,88,69955.0,0.005246229719105139,69603.0,0.0029883769377756705,69875.0,0.0012021466905187835
80.0,20,209433.0,209107.0,326.0,0.0015565837284477614,50.0,28.0,0.0001336943079648384,2.0,0.0001002707309736288,51,69691.0,0.0028554619678294183,69743.0,0.0012044219491561877,69999.0,0.0006142944899212846
80.0,21,210024.0,209666.0,358.0,0.0017045670970936655,55.0,31.0,0.0001476021787986135,2.0,9.046585152173085e-05,56,69947.0,0.00298797661086251,70249.0,0.0015231533544961494,69828.0,0.0006014779171678983
80.0,22,209851.0,209687.0,164.0,0.0007815068786901182,23.0,25.0,0.00011913214614178632,2.0,5.718343014805743e-05,24,69861.0,0.0012882724266758277,69864.0,0.0007299896942631398,70126.0,0.000327981062658643
80.0,23,209526.0,209455.0,71.0,0.0003388600937353837,21.0,23.0,0.00010977157966075809,1.0,5.24994511421017e-05,22,69842.0,0.0005584032530568998,69650.0,0.00031586503948312995,70034.0,0.00014278778878830284
80.0,24,209931.0,209751.0,180.0,0.0008574245823627764,17.0,31.0,0.00014766756696247814,2.0,8.574245823627764e-05,18,70027.0,0.0013994602082054064,70298.0,0.0007681584113346041,69606.0,0.00040226417262879634
80.0,25,209651.0,209544.0,107.0,0.0005103719991795889,21.0,27.0,0.0001287854577369056,2.0,5.2468149448368956e-05,22,70135.0,0.000941042275611321,69759.0,0.0004013819005432991,69757.0,0.00018636122539673439
80.0,26,210001.0,209867.0,134.0,0.0006380921995609545,16.0,31.0,0.00014761834467454918,2.0,7.619011338041247e-05,17,69720.0,0.001061388410786001,70017.0,0.0005427253381321679,70264.0,0.0003131048616645793
80.0,27,209710.0,209658.0,52.0,0.0002479614706022603,8.0,26.0,0.00012398073530113014,2.0,6.199036765056507e-05,9,70136.0,0.00039922436409262004,69714.0,0.0002438534584158132,69860.0,0.0001002004008016032
80.0,28,209573.0,209362.0,211.0,0.0010068090832311414,26.0,26.0,0.00012406178276781838,2.0,9.543214059062951e-05,27,70093.0,0.0016977444252635784,70184.0,0.0010401231049811924,69296.0,0.0002741861002078042
80.0,29,209577.0,209331.0,246.0,0.0011737929257504402,41.0,30.0,0.0001431454787500537,2.0,7.634425533336196e-05,42,69544.0,0.00201311399976993,70101.0,0.0010698848803868703,69932.0,0.0004432877652576789
80.0,30,210007.0,209868.0,139.0,0.0006618826991481236,16.0,32.0,0.00015237587318517955,2.0,6.666444451851606e-05,17,69882.0,0.001015998397298303,70244.0,0.0006406241102442914,69881.0,0.00032913095118844893
85.0,1,222531.0,221972.0,559.0,0.002512009562712611,77.0,27.0,0.00012133141000579694,2.0,8.08876066705313e-05,78,74223.0,0.004176602939789553,74483.0,0.0023898070700696804,73825.0,0.0009617338300033864
85.0,2,223143.0,221046.0,2097.0,0.009397561205146475,161.0,53.0,0.00023751585306283415,126.0,0.00016133152283513263,162,73990.0,0.01542100283822138,74626.0,0.008911103368799078,74527.0,0.0039046251694016933
85.0,3,222840.0,222564.0,276.0,0.0012385568120624663,24.0,30.0,0.00013462574044157243,2.0,7.628791958355771e-05,25,74490.0,0.0021210900792052625,74285.0,0.0012653967826613717,74065.0,0.00032403969486262065
85.0,4,222886.0,222587.0,299.0,0.0013414929605269062,29.0,31.0,0.00013908455443589995,2.0,8.973197060380643e-05,30,74301.0,0.002207238126000996,74483.0,0.001208329417450962,74102.0,0.0006072710588108283
85.0,5,222731.0,222243.0,488.0,0.00219098374272104,45.0,32.0,0.00014367106509646164,23.0,0.0001167327403908751,46,74111.0,0.0035352376840145187,74367.0,0.002084257802519935,74253.0,0.0009561903222765411
85.0,6,222857.0,222019.0,838.0,0.0037602588206787314,81.0,31.0,0.0001391026532709316,49.0,0.00011217955908946095,82,74491.0,0.006081271563007612,74426.0,0.003762126138714965,73940.0,0.0014200703272923992
85.0,7,222932.0,220194.0,2738.0,0.012281772020167584,179.0,56.0,0.0002511976746272406,44.0,0.00020185527425403262,180,74154.0,0.020282115597270545,74335.0,0.011959373108226272,74443.0,0.004634418279757667
85.0,8,223131.0,222306.0,825.0,0.0036973795662637644,49.0,44.0,0.00019719357686740077,21.0,0.00014789518265055057,50,74412.0,0.006007095629737139,74559.0,0.003688354189299749,74160.0,0.001388888888888889
85.0,9,222737.0,221544.0,1193.0,0.00535609261146554,96.0,36.0,0.00016162559431077907,43.0,0.00013019839541701647,97,74053.0,0.008561435728464748,74320.0,0.005597416576964478,74364.0,0.001922973481792265
85.0,10,222931.0,222173.0,758.0,0.003400155204973736,73.0,28.0,0.0001255994007114309,2.0,9.868524341612427e-05,74,74307.0,0.005584938161949749,74196.0,0.003342498247883983,74428.0,0.001276401354329016
85.0,11,222700.0,221515.0,1185.0,0.005321059721598563,93.0,31.0,0.00013920071845532106,2.0,0.00012123933542882802,94,74533.0,0.009056391128761757,74190.0,0.004987195039762771,73977.0,0.0018924800951647133
85.0,12,222812.0,222671.0,141.0,0.0006328204944078416,15.0,31.0,0.00013913074699746871,2.0,6.2833240579502e-05,16,74367.0,0.0009681713663318407,74121.0,0.0006071153923989153,74324.0,0.0003229104999730908
85.0,13,222668.0,222454.0,214.0,0.0009610720893886863,37.0,34.0,0.00015269369644493148,2.0,7.185585715055599e-05,38,74582.0,0.001582151189295004,74181.0,0.0009166767770722961,73905.0,0.00037886475881198837
85.0,14,222800.0,222375.0,425.0,0.00190754039497307,47.0,32.0,0.00014362657091561938,2.0,0.00010323159784560144,48,74194.0,0.0029786775210933498,74291.0,0.0020056265227281905,74315.0,0.0007400928480118414
85.0,15,222777.0,221783.0,994.0,0.004461860964103117,73.0,36.0,0.00016159657415262796,53.0,0.00013915260552031854,74,74363.0,0.0072751233812514285,74358.0,0.004316953118696038,74056.0,0.001782434914119045
85.0,16,222750.0,222578.0,172.0,0.0007721661054994388,23.0,32.0,0.00014365881032547698,2.0,8.080808080808081e-05,24,73966.0,0.0009599004948219452,74123.0,0.0009443762394938143,74661.0,0.00041521008290807787
85.0,17,222832.0,222578.0,254.0,0.0011398721907086953,26.0,31.0,0.00013911825949594313,2.0,9.872908738421771e-05,27,74283.0,0.001884684248078295,74392.0,0.0011694805893106785,74157.0,0.00036409239855981227
85.0,18,222651.0,222032.0,619.0,0.0027801357281126067,43.0,39.0,0.00017516202487300754,20.0,0.00011677468324867169,44,74160.0,0.004490291262135922,73885.0,0.0029369966840360018,74606.0,0.0009248585904618931
85.0,19,222509.0,222217.0,292.0,0.0013123064685023977,32.0,30.0,0.00013482600703791756,2.0,8.089560422275055e-05,33,73985.0,0.0022572143001959857,74254.0,0.0011581867643493953,74270.0,0.0005251110811902518
85.0,20,222619.0,222049.0,570.0,0.0025604283551718407,89.0,25.0,0.00011229948926192284,2.0,6.73796935571537e-05,90,74378.0,0.004315792304175966,74312.0,0.0025567875982344707,73929.0,0.0007980630063980305
85.0,21,222999.0,222055.0,944.0,0.004233202839474617,81.0,31.0,0.00013901407629630626,33.0,0.00011210812604540827,82,73922.0,0.00695327507372636,74344.0,0.0043715699989239215,74733.0,0.001405001806430894
85.0,22,223067.0,222507.0,560.0,0.0025104564996167073,39.0,35.0,0.0001569035312260442,9.0,0.00012103986694580553,40,74470.0,0.00413589364844904,74550.0,0.0024413145539906103,74047.0,0.0009453455237889448
85.0,23,222768.0,222527.0,241.0,0.0010818429936076995,25.0,28.0,0.00012569130216189038,2.0,8.977950154420743e-05,26,73938.0,0.0015959317265817306,74641.0,0.0009244249139213033,74189.0,0.0007278707085956139
85.0,24,222727.0,222345.0,382.0,0.001715104140943846,59.0,30.0,0.000134694042482501,2.0,7.632662407341724e-05,60,73944.0,0.00285351076490317,74562.0,0.0016362222043400123,74221.0,0.0006601905121192116
85.0,25,222904.0,222649.0,255.0,0.0011439902379499695,40.0,28.0,0.0001256146143631339,2.0,7.62660158633313e-05,41,74365.0,0.001869158878504673,74261.0,0.0011850096282032291,74278.0,0.0003769622230000808
85.0,26,222644.0,221904.0,740.0,0.0033236916332800345,47.0,46.0,0.0002066078582849751,19.0,0.00016169310648389356,48,74179.0,0.005203629059437307,73998.0,0.0034325252033838754,74467.0,0.00134287671048921
85.0,27,222733.0,222530.0,203.0,0.000911405135296521,42.0,23.0,0.00010326265079714277,2.0,5.3876165633291876e-05,43,74368.0,0.0015060240963855422,74042.0,0.0008373625779962724,74323.0,0.00039018877063627677
85.0,28,222973.0,220205.0,2768.0,0.01241405910132617,126.0,54.0,0.00024218178882644983,68.0,0.00020181815735537486,127,74613.0,0.019929502901639126,73901.0,0.012273176276369738,74459.0,0.005022898507903679
85.0,29,222577.0,222515.0,62.0,0.0002785552864851265,11.0,24.0,0.00010782785283295219,2.0,3.5942617610984066e-05,12,74232.0,0.0003771958185149262,74070.0,0.0003375185635209937,74275.0,0.00012117132278694043
85.0,30,222693.0,220545.0,2148.0,0.009645565868707144,146.0,70.0,0.0003143340832446462,65.0,0.0002335053189817372,147,74365.0,0.01508774288980031,74186.0,0.009705335238454694,74142.0,0.004127215343529983
86.0,1,225609.0,225480.0,129.0,0.0005717857000385623,15.0,33.0,0.00014627076047498105,2.0,8.864894574241276e-05,16,75614.0,0.0008067289126352263,75043.0,0.0006529589701904241,74952.0,0.00025349557049845236
86.0,2,225441.0,225339.0,102.0,0.00045244653811862085,19.0,25.0,0.00011089375934279922,2.0,4.879325411083166e-05,20,75037.0,0.0007196449751455949,75227.0,0.00034562058835258615,75177.0,0.0002926426965694295
86.0,3,225409.0,223463.0,1946.0,0.008633195657671167,98.0,66.0,0.00029280108602584636,39.0,0.00023069176474763652,99,75244.0,0.013914730742650577,75347.0,0.00833477112559226,74818.0,0.003622123018524954
86.0,4,225735.0,224823.0,912.0,0.004040135557179879,62.0,37.0,0.00016390900835049947,21.0,0.00012403924956254014,63,74672.0,0.0065352474823226914,75726.0,0.0039088292000105645,75337.0,0.0016990323479830628
86.0,5,225227.0,224760.0,467.0,0.0020734636611063504,42.0,29.0,0.0001287589853791952,2.0,0.00010211919530074104,43,75058.0,0.0038103866343361134,74744.0,0.002020229048485497,75425.0,0.00039774610540271795
86.0,6,225555.0,224095.0,1460.0,0.006472922347099377,143.0,38.0,0.0001684733213628605,22.0,0.00013743876216443883,144,74882.0,0.010656766646190006,75169.0,0.00619936409956232,75504.0,0.002595888959525323
86.0,7,225650.0,225155.0,495.0,0.0021936627520496342,43.0,38.0,0.0001684023930866386,17.0,0.0001462441834699756,44,74776.0,0.003530544559751792,75437.0,0.002081206834842319,75437.0,0.0009809509922186726
86.0,8,225396.0,224449.0,947.0,0.0042014942589930614,109.0,26.0,0.00011535253509379049,2.0,8.429608333776997e-05,110,75470.0,0.006850404134093017,75200.0,0.003949468085106383,74726.0,0.001779835666300886
86.0,9,225311.0,224787.0,524.0,0.002325674290203319,52.0,30.0,0.00013314929142385415,2.0,9.764281371082636e-05,53,75170.0,0.0038180125049886923,75258.0,0.0023120465598341707,74883.0,0.000841312447417972
86.0,10,225846.0,225309.0,537.0,0.0023777264153449695,77.0,26.0,0.00011512269422526854,2.0,7.527253083959867e-05,78,75150.0,0.0038456420492348634,75147.0,0.0023686906995621913,75549.0,0.0009265509801585726
86.0,11,225542.0,223745.0,1797.0,0.007967473907298862,168.0,53.0,0.00023498949197932093,92.0,0.00018178432398400298,169,75042.0,0.012552970336611497,75230.0,0.008321148478000797,75270.0,0.0030423807625880165
86.0,12,225134.0,224296.0,838.0,0.003722227651087797,88.0,31.0,0.00013769577229561062,64.0,0.0001110449776577505,89,75348.0,0.006171364867017041,74976.0,0.0036278275714895433,74810.0,0.0013500868867798422
86.0,13,225057.0,223681.0,1376.0,0.006114006673864843,72.0,59.0,0.00026215580941716987,38.0,0.00019106270855827635,73,74941.0,0.009647589437023792,75065.0,0.006247918470658763,75051.0,0.002451666200317118
86.0,14,225489.0,223108.0,2381.0,0.01055927340136326,135.0,43.0,0.00019069666369534656,99.0,0.0001596530207681971,136,75304.0,0.01771486242430681,74856.0,0.009778775248477076,75329.0,0.0041816564669649135
86.0,15,225272.0,222554.0,2718.0,0.01206541425476757,192.0,42.0,0.00018644127987499557,72.0,0.00014205049895237758,193,75203.0,0.01910828025477707,75163.0,0.012359804691137927,74906.0,0.004699223026192828
86.0,16,225147.0,224899.0,248.0,0.001101502573873958,32.0,32.0,0.0001421293643708333,2.0,8.438931009518226e-05,33,74929.0,0.0017349757770689586,74875.0,0.0010684474123539233,75343.0,0.0005043600599923018
86.0,17,225703.0,223574.0,2129.0,0.009432750118518584,82.0,77.0,0.00034115629832124516,37.0,0.0002746972791677559,83,75068.0,0.015479298769116,75377.0,0.00927338578080847,75258.0,0.0035610832071009063
86.0,18,225343.0,224863.0,480.0,0.0021300861353580986,54.0,31.0,0.00013756806290854387,2.0,9.319126842191681e-05,55,74802.0,0.0033154193738135344,75471.0,0.002040518874799592,75070.0,0.0010390302384441189
86.0,19,225086.0,224514.0,572.0,0.0025412508996561314,74.0,40.0,0.00017770985312280638,6.0,0.00011106865820175399,75,74843.0,0.004208810443194421,75099.0,0.002383520419712646,75144.0,0.0010380070265091025
86.0,20,225721.0,225176.0,545.0,0.002414485138733215,50.0,30.0,0.00013290743882935128,2.0,0.00010189570310250265,51,75839.0,0.0037052176320890307,74890.0,0.0025103485111496863,74992.0,0.0010134414337529337
86.0,21,225477.0,224299.0,1178.0,0.005224479658679156,84.0,31.0,0.00013748630680734622,25.0,0.00011531109603196779,85,74794.0,0.008530095997005107,75230.0,0.004718862156054765,75453.0,0.0024518574476826635
86.0,22,225376.0,225083.0,293.0,0.0013000496947323584,33.0,35.0,0.0001552960386199063,2.0,7.986653414738038e-05,34,74918.0,0.001922101497637417,75035.0,0.0013593656293729593,75423.0,0.0006231520888853533
86.0,23,225450.0,224206.0,1244.0,0.005517853182523841,86.0,52.0,0.00023064981148813483,29.0,0.00018629407850964737,87,75151.0,0.008689172466101583,75081.0,0.005487406933844781,75218.0,0.0023797495280385014
86.0,24,225658.0,224224.0,1434.0,0.006354749222274415,79.0,48.0,0.00021271127103847414,24.0,0.00015067048365225252,80,75266.0,0.010163951850769272,75228.0,0.006287552507045249,75164.0,0.0026076313128625406
86.0,25,225320.0,219109.0,6211.0,0.027565240546777916,270.0,66.0,0.0002929167406355406,154.0,0.00023965915142907864,271,75281.0,0.045110984179274984,75015.0,0.026634673065386923,75024.0,0.01088984858178716
86.0,26,225419.0,224622.0,797.0,0.0035356380784228483,83.0,37.0,0.00016413878155789884,2.0,7.54151158509265e-05,84,75167.0,0.005866936288530872,75221.0,0.0033634224485183657,75031.0,0.0013727659234183205
86.0,27,225830.0,225420.0,410.0,0.0018155249523978214,38.0,28.0,0.0001239870699198512,2.0,7.084975423991498e-05,39,74966.0,0.003014699997332124,75221.0,0.0018080057430770661,75643.0,0.0006345597081025343
86.0,28,225326.0,224233.0,1093.0,0.004850749580607653,77.0,51.0,0.00022633872699999113,28.0,0.00018639659870587505,78,75033.0,0.007796569509415857,75264.0,0.004862882653061225,75029.0,0.0018926015274094018
86.0,29,225092.0,224592.0,500.0,0.0022213139516286673,60.0,34.0,0.00015104934871074937,2.0,0.0001021804417749187,61,75224.0,0.003589280017015846,75016.0,0.002066225871814013,74852.0,0.001001977235077219
86.0,30,225602.0,225084.0,518.0,0.0022960789354704303,61.0,37.0,0.00016400563824788786,9.0,0.000128544959707804,62,74927.0,0.0038037022702096706,74734.0,0.002181068857548104,75941.0,0.0009217682147983303
87.0,1,228180.0,222126.0,6054.0,0.02653168551143834,262.0,72.0,0.0003155403628714173,183.0,0.00023665527215356298,263,75984.0,0.042140450621183406,76014.0,0.02623200989291446,76182.0,0.011262502953453572
87.0,2,227886.0,227411.0,475.0,0.00208437552109388,34.0,43.0,0.00018869083664639337,8.0,0.0001360329287450743,35,76349.0,0.00319585063327614,76138.0,0.002075179279728913,75399.0,0.0009681826018912718
87.0,3,228099.0,218351.0,9748.0,0.04273582961784138,376.0,125.0,0.0005480076633391642,58.0,0.0004252539467511914,377,76344.0,0.06693387823535576,75693.0,0.04382175366282219,76062.0,0.017367410796455523
87.0,4,228206.0,227232.0,974.0,0.004268073582640246,71.0,49.0,0.00021471828085151135,54.0,0.0001402241834132319,72,76511.0,0.006548078054136007,75952.0,0.004423846639983148,75743.0,0.0018087480031157995
87.0,5,227894.0,225545.0,2349.0,0.010307423626773851,90.0,117.0,0.0005133965791113412,40.0,0.0003642044108225754,91,75870.0,0.01594833267431132,76074.0,0.010437205878486736,75950.0,0.004542462146148782
87.0,6,228042.0,224469.0,3573.0,0.015668166390401767,180.0,63.0,0.0002762648985713158,142.0,0.00021487269888880117,181,76289.0,0.024380972355123282,75929.0,0.01596228055156791,75824.0,0.006607406625870437
87.0,7,228244.0,223258.0,4986.0,0.02184504302413207,221.0,70.0,0.0003066893324687615,54.0,0.00026725784686563504,222,76031.0,0.03497257697518118,76087.0,0.021514844848660085,76126.0,0.009063920342589916
87.0,8,228179.0,227118.0,1061.0,0.004649858225340631,55.0,47.0,0.00020597863957682347,16.0,0.00016653592135998493,56,76373.0,0.00717531064643264,76268.0,0.004641527246027168,75538.0,0.002104900844608012
87.0,9,228018.0,221820.0,6198.0,0.027182064573849432,274.0,72.0,0.0003157645449043497,154.0,0.0002412090273574893,275,76067.0,0.04285695505278241,76243.0,0.027399236651233557,75708.0,0.011214138532255507
87.0,10,228141.0,225890.0,2251.0,0.009866705239303764,116.0,63.0,0.00027614501558246874,35.0,0.00020601294813295287,117,76017.0,0.015864872331189075,76292.0,0.009948618465894196,75832.0,0.003771494883426522
87.0,11,227888.0,227330.0,558.0,0.002448571227971635,42.0,32.0,0.00014041985536754898,5.0,0.00010092677104542582,43,75954.0,0.003831266292756142,75884.0,0.0024774656053977123,76050.0,0.0010387902695595003
87.0,12,228139.0,227928.0,211.0,0.0009248747474127615,14.0,38.0,0.0001665651203871324,9.0,0.000122732193969466,15,76334.0,0.0012052296486493568,75870.0,0.0010807960985896928,75935.0,0.00048725883979719496
87.0,13,228165.0,227532.0,633.0,0.0027743080665308,54.0,33.0,0.00014463217408454407,2.0,0.00010956982885192734,55,75768.0,0.004645760743321719,76239.0,0.0026626792061805638,76158.0,0.0010241865595209958
87.0,14,228327.0,227408.0,919.0,0.004024929158618998,75.0,37.0,0.00016204829039053638,55.0,0.00013139050572205652,76,76438.0,0.00673748659043931,75734.0,0.003657538225895899,76155.0,0.0016676515002297945
87.0,15,227951.0,223986.0,3965.0,0.017394089080548014,154.0,73.0,0.0003202442630214388,53.0,0.00024566683190685717,155,76232.0,0.028124672053730718,75990.0,0.01648901171206738,75729.0,0.007500429161879861
87.0,16,228124.0,226694.0,1430.0,0.006268520629131525,110.0,51.0,0.00022356262383615928,21.0,0.00015342533008363873,111,75814.0,0.00978711056005487,75878.0,0.006194153773162181,76432.0,0.002852208499057986
87.0,17,228148.0,227033.0,1115.0,0.004887178498167856,80.0,48.0,0.00021038974700632922,39.0,0.00014464295106685133,81,76218.0,0.008016479046944292,76017.0,0.004630543167975585,75913.0,0.002002292097532702
87.0,18,227786.0,226000.0,1786.0,0.007840692579877604,102.0,55.0,0.00024145469870843686,24.0,0.00017121333181143705,103,75908.0,0.012857669810823629,76062.0,0.007967184665141595,75816.0,0.0026907249129471352
87.0,19,227992.0,226830.0,1162.0,0.005096670058598547,66.0,44.0,0.00019298922769219972,21.0,0.00015351415839152252,67,76075.0,0.00842589549786395,76065.0,0.005100900545586012,75852.0,0.0017534145441122186
87.0,20,228062.0,226980.0,1082.0,0.004744323911918689,85.0,34.0,0.00014908226710280538,22.0,0.00011400408660802764,86,76343.0,0.007571093616965537,75960.0,0.00479199578725645,75759.0,0.0018479652582531448
87.0,21,228148.0,227129.0,1019.0,0.004466399004155197,81.0,35.0,0.00015340919052544839,35.0,0.00010957799323246314,82,76071.0,0.007098631541586149,75596.0,0.004550505317741679,76481.0,0.0017651442842013048
87.0,22,228143.0,227895.0,248.0,0.0010870375159439474,23.0,39.0,0.00017094541581376592,2.0,8.766431580193124e-05,24,76122.0,0.0017997425185885816,75603.0,0.000992024126026745,76418.0,0.0004710931979376587
87.0,23,227785.0,224964.0,2821.0,0.012384485369976075,146.0,89.0,0.00039071931865574994,73.0,0.00026340628223983143,147,76075.0,0.019323036477160698,75547.0,0.012349927859478206,76163.0,0.0054882291926526
87.0,24,227923.0,223084.0,4839.0,0.021230854279734823,212.0,66.0,0.0002895714780868978,120.0,0.00023692211843473455,213,75968.0,0.03365890901432182,75839.0,0.022112633341684357,76116.0,0.007948394555678175
87.0,25,228212.0,226758.0,1454.0,0.006371268820219796,89.0,49.0,0.00021471263561951168,34.0,0.00016212994934534556,90,75925.0,0.010312808692788937,76196.0,0.006089558507008242,76091.0,0.002720426857315583
87.0,26,227752.0,225356.0,2396.0,0.010520214970669852,106.0,66.0,0.0002897888931820577,64.0,0.00022392778109522638,107,75893.0,0.016668203918674976,75796.0,0.010501873449786269,76063.0,0.004404243850492355
87.0,27,228251.0,227132.0,1119.0,0.004902497688947694,109.0,33.0,0.00014457767983491857,20.0,0.00011829082895584247,110,76071.0,0.008031970133165069,76276.0,0.004850804971419581,75904.0,0.0018180860033726813
87.0,28,228120.0,224821.0,3299.0,0.014461686831492198,112.0,81.0,0.0003550762756443977,49.0,0.0002849377520603191,113,75975.0,0.02300756827903916,76265.0,0.014449616468891365,75880.0,0.0059172377438060095
87.0,29,227891.0,226930.0,961.0,0.004216928268338811,71.0,35.0,0.0001535821949967309,2.0,0.00010970156785480778,72,76603.0,0.007414853204182604,75868.0,0.0037960668529551326,75420.0,0.0013922036595067622
87.0,30,227863.0,223116.0,4747.0,0.020832693328886216,232.0,60.0,0.00026331611538512174,59.0,0.00021504149423118277,233,75782.0,0.033635955767860444,75924.0,0.02077077077077077,76157.0,0.008154207755032367
88.0,1,230516.0,225234.0,5282.0,0.02291381075500182,200.0,105.0,0.00045549983515244064,65.0,0.00032969511877700464,201,76950.0,0.03559454191033139,76909.0,0.02341728536322147,76657.0,0.009679481325906309
88.0,2,230759.0,220037.0,10722.0,0.046464059906655863,451.0,89.0,0.0003856837653135956,138.0,0.0002730121035365901,452,76891.0,0.07250523468286275,77041.0,0.04615724094962423,76827.0,0.02070886537285069
88.0,3,231027.0,226330.0,4697.0,0.020330956987711393,226.0,69.0,0.000298666389642769,185.0,0.00020776792322975236,227,76938.0,0.03167485507811484,77149.0,0.020233573993182024,76940.0,0.009085001299714063
88.0,4,230504.0,230291.0,213.0,0.0009240620553222504,26.0,32.0,0.00013882622427376532,2.0,6.941311213688266e-05,27,76819.0,0.0014709902498079902,76838.0,0.0008849787865379109,76847.0,0.00041641183130115687
88.0,5,230507.0,227499.0,3008.0,0.01304949524309457,116.0,74.0,0.0003210314654218744,59.0,0.00023860446754328502,117,77114.0,0.02041133905646186,76966.0,0.013148663046020321,76427.0,0.005521608855509179
88.0,6,230663.0,225027.0,5636.0,0.024433914411934293,245.0,73.0,0.0003164790191751603,174.0,0.00022977243857922596,246,76794.0,0.03789358543636222,76665.0,0.024861410030652842,77204.0,0.010621211336200196
88.0,7,230981.0,227846.0,3135.0,0.013572544927937795,159.0,62.0,0.0002684203462622467,22.0,0.0001991505794848927,160,77048.0,0.020896064790779774,76977.0,0.013289683931563974,76956.0,0.006523208066947347
88.0,8,231154.0,226699.0,4455.0,0.019272865708575237,136.0,124.0,0.0005364389108559661,62.0,0.0004239597843861668,137,77028.0,0.030560315729345172,76914.0,0.018501183139610473,77212.0,0.008781018494534528
88.0,9,230903.0,230686.0,217.0,0.0009397885692260386,19.0,34.0,0.0001472479785884116,2.0,9.527810379250162e-05,20,76966.0,0.001494166255229582,77192.0,0.0008809203026220333,76745.0,0.00044302560427389405
88.0,10,230857.0,227127.0,3730.0,0.01615718821608182,266.0,55.0,0.00023824272168485253,44.0,0.00017326743395262002,267,76431.0,0.025186115581374048,77171.0,0.016418084513612628,77255.0,0.006963950553362242
88.0,11,230683.0,229820.0,863.0,0.003741064577797237,52.0,49.0,0.00021241270488072376,12.0,0.0001560583137899195,53,76562.0,0.005825344165512917,76835.0,0.0036051278714127675,77286.0,0.0018114535620940403
88.0,12,231066.0,226497.0,4569.0,0.019773571187452935,191.0,61.0,0.00026399383725861874,113.0,0.0002034050877238538,192,77071.0,0.03071194093757704,77404.0,0.01997312800372074,76591.0,0.008564974997062318
88.0,13,230593.0,218406.0,12187.0,0.052850693646381286,344.0,111.0,0.0004813676043938888,154.0,0.0003729514772781481,345,76611.0,0.08270352821396405,76975.0,0.05257551152971744,77007.0,0.023426441752048516
88.0,14,230600.0,218862.0,11738.0,0.05090199479618387,311.0,111.0,0.0004813529921942758,131.0,0.0003512575888985256,312,77020.0,0.08065437548688652,76466.0,0.050597651243690006,77114.0,0.021487667608994475
88.0,15,230776.0,227818.0,2958.0,0.012817624016362187,205.0,46.0,0.00019932748639373246,10.0,0.0001516622179082747,206,76767.0,0.020594786822462775,77221.0,0.012509550510871395,76788.0,0.0053523988123144245
88.0,16,230766.0,223446.0,7320.0,0.03172044408621721,340.0,94.0,0.00040733903607983844,205.0,0.0003076709740603035,341,77043.0,0.04943992315979388,76795.0,0.031955205417019336,76928.0,0.013740120632279534
88.0,17,230836.0,220608.0,10228.0,0.04430851340345527,318.0,109.0,0.0004721967110849261,103.0,0.00035523055329324715,319,77015.0,0.06859702655326884,76788.0,0.04491587227170912,77033.0,0.019420248464943595
88.0,18,230792.0,229191.0,1601.0,0.0069369822177545145,136.0,37.0,0.0001603175153384866,75.0,0.0001299871745987729,137,76598.0,0.010613854147627876,77135.0,0.007195177286575484,77059.0,0.0030236571977316083
88.0,19,230638.0,230047.0,591.0,0.002562457183985293,83.0,28.0,0.00012140237081487006,2.0,8.67159791534786e-05,84,76510.0,0.004339302052019344,76997.0,0.00250659116588958,77131.0,0.0008556870778286292
88.0,20,230432.0,226973.0,3459.0,0.015010935981113735,136.0,89.0,0.0003862310790168032,72.0,0.00028641855297875294,137,76943.0,0.02378383998544377,76688.0,0.015008867097851033,76801.0,0.00622387729326441
88.0,21,230617.0,228276.0,2341.0,0.01015102962921207,138.0,46.0,0.0001994649136880629,37.0,0.00015610297592978835,139,76499.0,0.016457731473614033,77242.0,0.00986509929830921,76876.0,0.004162547479057183
88.0,22,230534.0,228561.0,1973.0,0.008558390519402779,118.0,45.0,0.00019519897281962748,65.0,0.00014748366835260743,119,76957.0,0.013358109073898412,76735.0,0.008653156968788689,76842.0,0.003656854324457979
88.0,23,230841.0,229130.0,1711.0,0.0074120281925654456,79.0,66.0,0.0002859110816536057,45.0,0.00020793533211171326,80,76972.0,0.011783505690380917,77005.0,0.0071294071813518605,76864.0,0.003317547876769359
88.0,24,230607.0,227571.0,3036.0,0.013165255174387594,162.0,57.0,0.0002471737631554983,100.0,0.00019080079962880572,163,76787.0,0.020771745217289386,77063.0,0.013625215732582432,76757.0,0.005093997941555819
88.0,25,230822.0,220406.0,10416.0,0.04512568126088501,348.0,106.0,0.00045922832312344575,112.0,0.0003422550710070964,349,77211.0,0.06921293598062453,76906.0,0.045679140769250774,76705.0,0.02032462029854638
88.0,26,230729.0,216335.0,14394.0,0.06238487576334141,449.0,121.0,0.0005244247580494866,54.0,0.0004204066242214893,450,77304.0,0.09783452343992549,76672.0,0.06214785058430718,76753.0,0.02691751462483551
88.0,27,230702.0,229998.0,704.0,0.0030515556865566835,72.0,29.0,0.00012570328822463612,2.0,9.969571135057347e-05,73,76815.0,0.004634511488641541,76813.0,0.0031114524885110595,77074.0,0.0014142252899810573
88.0,28,230630.0,230207.0,423.0,0.0018341065776351733,36.0,29.0,0.00012574253132723409,2.0,8.671898712223041e-05,37,76704.0,0.002985502711722987,76918.0,0.0017551158376452845,77008.0,0.0007661541658009558
88.0,29,230886.0,225905.0,4981.0,0.02157341718423811,215.0,91.0,0.0003941339015791343,171.0,0.00031184220784283154,216,76650.0,0.03385518590998043,76994.0,0.021404265267423436,77242.0,0.009554387509386085
88.0,30,230646.0,230555.0,91.0,0.00039454401983992786,19.0,27.0,0.0001170625113810775,2.0,4.76921342663649e-05,20,76526.0,0.0005619005305386404,77217.0,0.00044031754665423416,76903.0,0.00018204751440125872
89.0,1,233113.0,225102.0,8011.0,0.034365307812091135,233.0,119.0,0.00051048204089862,130.0,0.0003732095593124365,234,77866.0,0.05333521691110369,77588.0,0.0346703098417281,77659.0,0.015040111255617508
89.0,2,233468.0,232932.0,536.0,0.0022958178422738877,62.0,34.0,0.00014563023626364211,5.0,0.00011136429831925575,63,77545.0,0.003597910890450706,77895.0,0.002285127415110084,78028.0,0.0010124570666940073
89.0,3,233398.0,226526.0,6872.0,0.029443268579850728,227.0,91.0,0.00038989194423259837,93.0,0.00029563235331922294,228,77946.0,0.04506966361327073,77632.0,0.029820177246496292,77820.0,0.013415574402467233
89.0,4,233379.0,208855.0,24524.0,0.10508229103732555,704.0,123.0,0.000527039707942874,454.0,0.00038992368636424016,705,77989.0,0.16142020028465554,77733.0,0.10584951050390438,77657.0,0.047735555069085854
89.0,5,233031.0,168073.0,64958.0,0.2787526123133832,1470.0,294.0,0.0012616347181276311,523.0,0.000935497852217087,1471,78014.0,0.42932037839362164,77322.0,0.2827914435736272,77695.0,0.12354720380976897
89.0,6,233324.0,231735.0,1589.0,0.006810272410896436,70.0,74.0,0.0003171555433645917,44.0,0.00024000960038401536,71,77708.0,0.010719617027847841,77618.0,0.006570640830735139,77998.0,0.00315392702376984
89.0,7,233331.0,199912.0,33419.0,0.14322571797146544,771.0,179.0,0.0007671505286481437,265.0,0.0005700057000570006,772,78066.0,0.21868675223528808,77485.0,0.14503452281086662,77780.0,0.06568526613525327
89.0,8,232945.0,231506.0,1439.0,0.006177423855416515,110.0,62.0,0.0002661572474189186,18.0,0.00021035008263753247,111,77213.0,0.009674536671285924,78088.0,0.0060700747874193215,77644.0,0.002807686363402195
89.0,9,233573.0,208698.0,24875.0,0.10649775444935844,803.0,117.0,0.0005009140611286408,458.0,0.00040244377560762586,804,78182.0,0.16304264408687422,77897.0,0.10837387832650808,77494.0,0.04756497277208558
89.0,10,233347.0,210058.0,23289.0,0.09980415432810363,820.0,124.0,0.0005313974467209778,721.0,0.0004071190116007491,821,77436.0,0.15399814039981405,77905.0,0.10158526410371606,78006.0,0.044227367125605724
89.0,11,233271.0,212971.0,20300.0,0.08702324763901213,495.0,140.0,0.0006001603285449113,292.0,0.00048441512232553553,496,77686.0,0.1356615091522282,78050.0,0.08745675848814863,77535.0,0.03785387244470239
89.0,12,233225.0,233075.0,150.0,0.0006431557508843392,19.0,38.0,0.00016293279022403258,2.0,8.575410011791189e-05,20,77583.0,0.0010827114187386413,77713.0,0.0005404501177409185,77929.0,0.00030797264176365665
89.0,13,233356.0,233152.0,204.0,0.0008742007919230703,20.0,26.0,0.00011141774799019523,2.0,7.713536399321209e-05,21,77800.0,0.0013496143958868895,77610.0,0.000901945625563716,77946.0,0.00037205244656557103
89.0,14,233385.0,198024.0,35361.0,0.15151359341860016,782.0,180.0,0.0007712577929172826,318.0,0.0005441652205583049,783,77775.0,0.23308261009321762,77924.0,0.1528668959498999,77686.0,0.0684936796848853
89.0,15,233312.0,224815.0,8497.0,0.03641904402688246,335.0,84.0,0.0003600329172952956,250.0,0.00026573858181319437,336,77646.0,0.05478711073332818,78097.0,0.03722294070194758,77569.0,0.017223375317459294
89.0,16,233382.0,180383.0,52999.0,0.22709120669117583,781.0,265.0,0.001135477457558852,180.0,0.0008269703747504092,782,78075.0,0.34471982068523854,77803.0,0.23145637057697005,77504.0,0.10421397605284889
89.0,17,233313.0,232214.0,1099.0,0.004710410478627423,60.0,48.0,0.0002057322138072032,29.0,0.00015001307256775235,61,77713.0,0.007025851530631941,77942.0,0.004554668856329065,77658.0,0.0025496407324422468
89.0,18,233381.0,190427.0,42954.0,0.18405097244420068,871.0,180.0,0.0007712710117790223,609.0,0.0005827380977885946,872,77799.0,0.2835512024576151,77778.0,0.18749517858520404,77804.0,0.08111408153822426
89.0,19,233274.0,160764.0,72510.0,0.31083618405823193,847.0,285.0,0.0012217392422644614,496.0,0.0008873685022762931,848,77965.0,0.477483486179696,77458.0,0.3157582173565029,77851.0,0.13904766798114346
89.0,20,233278.0,205980.0,27298.0,0.11701917883383774,568.0,199.0,0.0008530594398100121,195.0,0.0006601565514107631,569,77714.0,0.1811900043750161,77892.0,0.11793252195347403,77672.0,0.05189772376145844
89.0,21,233280.0,230085.0,3195.0,0.013695987654320988,135.0,107.0,0.000458676268861454,78.0,0.0003215020576131687,136,77302.0,0.021176683656309023,78002.0,0.013307351093561704,77976.0,0.006668718580075921
89.0,22,233438.0,231640.0,1798.0,0.007702259272269296,104.0,56.0,0.00023989239112740855,62.0,0.00018420308604426015,105,77826.0,0.011949734022049187,77847.0,0.007604660423651522,77765.0,0.003549154503954221
89.0,23,233543.0,224505.0,9038.0,0.03869951143900695,329.0,74.0,0.000316858137473613,87.0,0.00024406640318913435,330,77672.0,0.05950664332063034,78015.0,0.03941549701980388,77856.0,0.01722410604192355
89.0,24,232899.0,189016.0,43883.0,0.18842073173349821,750.0,188.0,0.0008072168622450075,315.0,0.0005796504063993405,751,77572.0,0.2908265869128036,77724.0,0.19039164222119295,77603.0,0.08408180096130305
89.0,25,233139.0,230125.0,3014.0,0.01292790995929467,168.0,56.0,0.0002402000523292971,95.0,0.00018015003924697285,169,77631.0,0.02021099818371527,77692.0,0.013077279513978274,77816.0,0.005513005037524416
89.0,26,233191.0,224735.0,8456.0,0.03626211989313481,313.0,88.0,0.00037737305470622796,128.0,0.0002787414608625547,314,77830.0,0.054876011820634715,77592.0,0.03728477162594082,77769.0,0.016613303501395157
89.0,27,233242.0,213987.0,19255.0,0.0825537424649077,420.0,147.0,0.0006302466965640836,83.0,0.0004587509968187548,421,77919.0,0.12638765897919635,77561.0,0.08481066515387889,77762.0,0.03638023713381858
89.0,28,233107.0,228954.0,4153.0,0.017815852805793047,215.0,73.0,0.00031316090893881353,136.0,0.0002402330260352542,216,77826.0,0.02748438825071313,77729.0,0.018191408611972364,77552.0,0.007736744377965752
89.0,29,232917.0,231444.0,1473.0,0.0063241412176869875,66.0,51.0,0.0002189621195533173,25.0,0.00018461512040769887,67,77474.0,0.009745204842915042,77783.0,0.0061581579522517775,77660.0,0.003077517383466392
89.0,30,233375.0,216268.0,17107.0,0.0733026245313337,441.0,119.0,0.0005099089448312802,172.0,0.00038136047134440277,442,77405.0,0.11368774626962083,78068.0,0.07470410411436183,77902.0,0.03177068624682293
90.0,1,236086.0,165902.0,70184.0,0.2972814991147294,931.0,384.0,0.001626525926992706,598.0,0.0012029514668383556,932,78170.0,0.4498400921069464,79027.0,0.3040353296974452,78889.0,0.13934769105959005
90.0,2,235809.0,234948.0,861.0,0.0036512601300204826,79.0,29.0,0.00012298088707386062,46.0,0.00011025872634208194,80,78320.0,0.005630745658835546,78697.0,0.0036468988652680534,78792.0,0.0016879886282871357
90.0,3,235962.0,149411.0,86551.0,0.36680058653512004,1439.0,242.0,0.001025588866003848,178.0,0.0007628346937218705,1440,78357.0,0.5545260793547482,78543.0,0.3753739989559859,79062.0,0.1722319192532443
90.0,4,235814.0,233864.0,1950.0,0.008269229138219104,93.0,62.0,0.0002629190802920946,45.0,0.00021203151636459245,94,78683.0,0.012582133370613728,78725.0,0.008383613845665291,78406.0,0.0038262377879243934
90.0,5,236113.0,132260.0,103853.0,0.43984448124415004,904.0,331.0,0.0014018711379720726,595.0,0.0010461092781845981,905,78753.0,0.6593653575101901,78839.0,0.4485597229797435,78521.0,0.2109244660664026
90.0,6,235759.0,131639.0,104120.0,0.44163743483811857,1193.0,462.0,0.0019596282644565003,559.0,0.0014082177138518572,1194,78844.0,0.6622444320430216,78557.0,0.45305956184681184,78358.0,0.2082110314198933
90.0,7,235753.0,234155.0,1598.0,0.00677828065814645,141.0,39.0,0.00016542737526139647,49.0,0.00011876837198254105,142,78333.0,0.010621321792858693,78841.0,0.006481399271952411,78579.0,0.0032451418317871188
90.0,8,235745.0,206594.0,29151.0,0.12365479649621414,577.0,135.0,0.0005726526543510997,174.0,0.0004453965089397442,578,78664.0,0.18669276924641512,78688.0,0.12516520943472956,78393.0,0.05888280841401656
90.0,9,235919.0,234268.0,1651.0,0.006998164624299018,104.0,63.0,0.0002670408063784604,66.0,0.00019074343312747171,105,78524.0,0.010862920890428404,78681.0,0.006786898997216609,78714.0,0.0033539141702873696
90.0,10,235897.0,234534.0,1363.0,0.0057779454592470445,104.0,42.0,0.00017804380725486123,19.0,0.00011869587150324082,105,78501.0,0.00839479751850295,78430.0,0.005890603085553997,78966.0,0.00306461008535319
90.0,11,236013.0,225193.0,10820.0,0.045844932270680004,331.0,89.0,0.00037709787172740484,257.0,0.00027117150326465067,332,78659.0,0.06970594591845815,78764.0,0.04606165253161343,78590.0,0.02174576918182975
90.0,12,236063.0,141955.0,94108.0,0.3986562909053939,1420.0,248.0,0.0010505670096542024,1243.0,0.0007963975718346374,1421,78316.0,0.6089815618775218,78822.0,0.404645911040065,78925.0,0.18397212543554006
90.0,13,235918.0,135739.0,100179.0,0.4246348307462762,1136.0,316.0,0.0013394484524283862,763.0,0.0010342576657991335,1137,78490.0,0.6405019747738565,78705.0,0.43463566482434407,78723.0,0.19940805101431602
90.0,14,235944.0,125410.0,110534.0,0.46847557047434985,1197.0,398.0,0.0016868409453090563,444.0,0.0012714881497304445,1198,79120.0,0.7002401415571284,78611.0,0.4789151645444022,78213.0,0.2235306151151343
90.0,15,235963.0,161401.0,74562.0,0.3159902188054907,911.0,321.0,0.0013603827718752517,389.0,0.0010298224721672466,912,78501.0,0.48121679978598997,78515.0,0.32219321148825064,78947.0,0.14552801246405817
90.0,16,235994.0,229343.0,6651.0,0.02818291990474334,244.0,89.0,0.0003771282320736968,128.0,0.00028390552302177177,245,78893.0,0.041955560062362944,78560.0,0.029276985743380855,78541.0,0.01325422390853185
90.0,17,235962.0,145224.0,90738.0,0.3845449691051949,1246.0,264.0,0.0011188242174587433,579.0,0.0008179283104906722,1247,78659.0,0.5820440127639558,78642.0,0.3914574909081661,78661.0,0.18014009483733998
90.0,18,235773.0,202012.0,33761.0,0.14319281681956797,855.0,186.0,0.0007888944026669721,420.0,0.000589550118122092,856,78626.0,0.21672220385114338,78686.0,0.14550237653458048,78461.0,0.06719261798855482
90.0,19,236017.0,227212.0,8805.0,0.03730663469156883,265.0,142.0,0.0006016515759458005,230.0,0.00043640924170716515,266,78400.0,0.056160714285714286,78762.0,0.03874965084685508,78855.0,0.017120030435609664
90.0,20,235604.0,137117.0,98487.0,0.4180192186889866,856.0,371.0,0.0015746761515084634,304.0,0.0011629683706558462,857,78788.0,0.6316951820074123,78562.0,0.4257274509304753,78254.0,0.1951465739770491
90.0,21,235778.0,230211.0,5567.0,0.023611193580401903,144.0,141.0,0.0005980201715172748,73.0,0.0004326103368422838,145,78723.0,0.03622829414529426,78655.0,0.023545864852838345,78400.0,0.01100765306122449
90.0,22,235895.0,151800.0,84095.0,0.3564933550944276,928.0,318.0,0.001348057398418788,332.0,0.0009750100680387461,929,78565.0,0.533761853242538,78766.0,0.36560190945331744,78564.0,0.17009062675016548
90.0,23,235849.0,175263.0,60586.0,0.2568847016523284,1224.0,210.0,0.0008904002136960513,694.0,0.0006826401638336393,1225,78511.0,0.3900982027996077,78519.0,0.2634266865344694,78819.0,0.11767467235057537
90.0,24,235930.0,141929.0,94001.0,0.3984274996821091,777.0,428.0,0.001814097401771712,273.0,0.0013902428686474802,778,78602.0,0.6008880181165873,78757.0,0.40745584519471284,78571.0,0.18683738274936046
90.0,25,236068.0,235335.0,733.0,0.0031050375315587035,41.0,39.0,0.0001652066353762475,22.0,0.00012708202721249808,42,78386.0,0.004618171612277702,78530.0,0.0031070928307653125,79152.0,0.001604507782494441
90.0,26,235759.0,169901.0,65858.0,0.2793445849363121,1020.0,292.0,0.0012385529290504286,161.0,0.0009119482183076786,1021,78374.0,0.42112180059713683,78889.0,0.2857939636704737,78496.0,0.1313060538116592
90.0,27,236022.0,142418.0,93604.0,0.3965901483759989,1027.0,338.0,0.0014320698917897484,712.0,0.0010592232927438968,1028,78141.0,0.5980855120871246,79253.0,0.40682371645237403,78628.0,0.1860278781095793
90.0,28,235774.0,171352.0,64422.0,0.2732362346993307,587.0,338.0,0.0014335762212966654,222.0,0.001077302840856074,588,78654.0,0.4124265771607293,78852.0,0.2776467305838787,78268.0,0.12891603209485358
90.0,29,235824.0,123783.0,112041.0,0.47510431508243434,1214.0,442.0,0.0018742791234140715,907.0,0.0013696655132641293,1215,78633.0,0.7136698332761054,78725.0,0.48779930136551286,78466.0,0.22329416562587617
90.0,30,235961.0,233511.0,2450.0,0.010383071778810905,153.0,38.0,0.0001610435622835977,48.0,0.00012713965443441924,154,78088.0,0.015559368917119148,78980.0,0.010838186882755127,78893.0,0.004803975004119504
91.0,1,238540.0,114333.0,124207.0,0.520696738492496,917.0,479.0,0.00200804896453425,457.0,0.001492412174058858,918,79628.0,0.7634500426985482,79638.0,0.5399934704538034,79274.0,0.2574740772510533
91.0,2,238393.0,116637.0,121756.0,0.5107364729669076,697.0,491.0,0.0020596242339330434,335.0,0.001501721946533665,698,79466.0,0.7540835074119749,79728.0,0.5234923740718442,79199.0,0.25372795111049384
91.0,3,238803.0,103012.0,135791.0,0.5686318848590679,768.0,678.0,0.002839160312056381,462.0,0.002093776041339514,769,79544.0,0.8359147138690536,79919.0,0.5872696104806117,79340.0,0.28188807663221577
91.0,4,238412.0,236220.0,2192.0,0.00919416807878798,139.0,73.0,0.0003061926413100012,36.0,0.00021810982668657618,140,79070.0,0.013823194637662831,79675.0,0.00953875117665516,79667.0,0.004255212321287358
91.0,5,238583.0,108680.0,129903.0,0.544477184040774,590.0,812.0,0.0034034277379360644,441.0,0.002489699601396579,591,78995.0,0.802038103677448,79939.0,0.5638924680068552,79649.0,0.26954512925460455
91.0,6,238866.0,107181.0,131685.0,0.5512923563839139,697.0,642.0,0.002687699379568461,383.0,0.0019466981487528572,698,79686.0,0.8051100569736215,79555.0,0.5692539752372573,79625.0,0.27933437990580845
91.0,7,238272.0,235986.0,2286.0,0.009594077356970186,165.0,59.0,0.00024761616975557346,14.0,0.000201450443190975,166,79275.0,0.015162409334594765,79511.0,0.009344618983536869,79486.0,0.004290063659009134
91.0,8,238517.0,120308.0,118209.0,0.49559989434715346,957.0,539.0,0.0022597969956019907,612.0,0.0016854144568311693,958,79522.0,0.7298734941274113,79499.0,0.5112139775343086,79496.0,0.24563500050316997
91.0,9,238401.0,111716.0,126685.0,0.5313945830764133,821.0,504.0,0.0021140850919249498,374.0,0.0015771745923884547,822,79446.0,0.7777987563879868,79580.0,0.5504272430258859,79375.0,0.26568818897637797
91.0,10,238627.0,109756.0,128871.0,0.5400520477565406,889.0,589.0,0.0024682873270836913,433.0,0.001814547389859488,890,79532.0,0.7902982447316803,79570.0,0.5592560010054041,79525.0,0.2705690034580321
91.0,11,238758.0,116980.0,121778.0,0.5100478308580236,878.0,578.0,0.0024208612905117317,649.0,0.0017967984318850048,879,79724.0,0.749184687170739,79303.0,0.5276597354450652,79731.0,0.2534146066147421
91.0,12,238226.0,113062.0,125164.0,0.5254002501825997,829.0,722.0,0.003030735520052387,384.0,0.002220580457212899,830,79475.0,0.7725574079899339,79286.0,0.5426683147087759,79465.0,0.26098282262631345
91.0,13,238194.0,107391.0,130803.0,0.5491448147308496,791.0,635.0,0.0026658941870911948,443.0,0.0019311989386802354,792,79077.0,0.8120692489598745,79414.0,0.5656307452086534,79703.0,0.27185927756797107
91.0,14,238611.0,108488.0,130123.0,0.5453352946846541,734.0,738.0,0.0030929001596741138,411.0,0.002212806618303431,735,79538.0,0.7998943901028439,79541.0,0.5661734199972341,79532.0,0.269916511592818
91.0,15,238617.0,107869.0,130748.0,0.5479408424378817,659.0,827.0,0.003465805034846637,360.0,0.0025815428070925374,660,79382.0,0.802411125947948,79877.0,0.5674098927100417,79358.0,0.2737972227122659
91.0,16,238381.0,111369.0,127012.0,0.5328109203334158,707.0,532.0,0.002231721487870258,516.0,0.001703155872322039,708,79252.0,0.7919421591884116,79480.0,0.5489808756919979,79649.0,0.2588356413765396
91.0,17,238591.0,111239.0,127352.0,0.5337669903726461,831.0,493.0,0.002066297555230499,312.0,0.0015381971658612436,832,79363.0,0.7881632498771468,79553.0,0.5519590713109499,79675.0,0.26220269846250394
91.0,18,238504.0,112365.0,126139.0,0.5288758259819542,1101.0,524.0,0.002197028142085667,548.0,0.001601650286787643,1102,79347.0,0.7817938926487454,79425.0,0.5449921309411394,79732.0,0.26112476797270856
91.0,19,238636.0,112958.0,125678.0,0.5266514691831912,1125.0,399.0,0.001672002547813406,459.0,0.001232001877336194,1126,79270.0,0.7730162734956478,79578.0,0.546369599638091,79788.0,0.26221988268912616
91.0,20,238694.0,110150.0,128544.0,0.5385305034898238,664.0,690.0,0.0028907303912121796,407.0,0.0022329844906030316,665,79744.0,0.7968373796147673,78623.0,0.5571652061101713,80327.0,0.2638589764338267
91.0,21,238647.0,111624.0,127023.0,0.532263133414625,1014.0,501.0,0.0020993350010685237,739.0,0.001508504192384568,1015,79507.0,0.7837423119976857,79746.0,0.5474631956461766,79394.0,0.2651585762148273
91.0,22,238719.0,106963.0,131756.0,0.5519292557358233,723.0,645.0,0.0027019215060384806,286.0,0.002031677411517307,724,79923.0,0.8051124207049285,79524.0,0.5723932397766712,79272.0,0.27613785447572914
91.0,23,238493.0,117230.0,121263.0,0.5084551747850041,646.0,621.0,0.0026038500081763407,367.0,0.0018952338223763381,647,79384.0,0.7518013705532601,79429.0,0.5254629921061577,79680.0,0.24905873493975902
91.0,24,238656.0,238377.0,279.0,0.0011690466613032986,25.0,31.0,0.00012989407347814428,8.0,0.00010056315366049879,26,79431.0,0.0016869987788143167,79562.0,0.001194037354515975,79663.0,0.0006276439501399646
91.0,25,238856.0,106380.0,132476.0,0.5546270556318451,743.0,507.0,0.0021226178115684763,416.0,0.0015616103426332184,744,79866.0,0.8093431497758746,79719.0,0.5735771898794516,79271.0,0.2789418576780916
91.0,26,238623.0,108339.0,130284.0,0.5459825750242013,601.0,787.0,0.003298089454914237,366.0,0.002384514485192123,602,79708.0,0.8022281326842977,79532.0,0.5630060856007645,79383.0,0.27163246538931507
91.0,27,238338.0,110226.0,128112.0,0.5375223422198726,881.0,509.0,0.002135622519279343,589.0,0.0015901786538445402,882,79260.0,0.7941836992177643,79449.0,0.5560800010069352,79629.0,0.2635346419018197
91.0,28,238537.0,108487.0,130050.0,0.5451984388166197,552.0,737.0,0.0030896674310484326,429.0,0.0022554153024478382,553,79197.0,0.8011919643420836,79892.0,0.5661267711410404,79448.0,0.26896838183465915
91.0,29,238605.0,112026.0,126579.0,0.5304960080467719,747.0,567.0,0.0023763123153328724,501.0,0.0017979505877915383,748,79884.0,0.7756747283561164,79560.0,0.5494595274007039,79161.0,0.26401889819481816
91.0,30,238691.0,110531.0,128160.0,0.5369284975135217,727.0,585.0,0.002450867439492901,323.0,0.0018266294078955636,728,79686.0,0.7865999046256557,79744.0,0.5540103330658106,79261.0,0.2687324156899358
92.0,1,241179.0,97003.0,144176.0,0.5977966572545702,621.0,880.0,0.003648742220508419,399.0,0.0026246066199793515,622,80837.0,0.8542499103133466,80196.0,0.6236096563419622,80146.0,0.3133032216205425
92.0,2,241096.0,93416.0,147680.0,0.6125360852108703,556.0,975.0,0.0040440322527126125,316.0,0.002890964595016093,557,80656.0,0.8779508034120215,80220.0,0.6360508601346297,80220.0,0.32216404886561956
92.0,3,241260.0,94105.0,147155.0,0.6099436292796153,637.0,838.0,0.0034734311531128244,366.0,0.0024786537345602255,638,80343.0,0.8771890519398081,80248.0,0.6363273851061708,80669.0,0.31753213750015497
92.0,4,241056.0,97186.0,143870.0,0.5968322713394398,615.0,891.0,0.003696236559139785,303.0,0.0027338045931235896,616,80179.0,0.8592150064231282,80196.0,0.6233602673450047,80681.0,0.30971356329247285
92.0,5,241298.0,95173.0,146125.0,0.6055789936095616,589.0,742.0,0.00307503584778987,328.0,0.0023249260250810203,590,80122.0,0.8763510646264446,80384.0,0.6294785031847133,80792.0,0.3132735914446975
92.0,6,241405.0,98617.0,142788.0,0.5914873345622501,612.0,822.0,0.003405066175099936,349.0,0.0024978770116609018,613,80223.0,0.8500804008825399,80550.0,0.6160769708255742,80632.0,0.3096413334656216
92.0,7,241133.0,94327.0,146806.0,0.6088175405274268,532.0,845.0,0.0035042901635197175,268.0,0.002521430082153832,533,80379.0,0.8691698080344369,80528.0,0.6352945559308564,80226.0,0.321392067409568
92.0,8,241369.0,95475.0,145894.0,0.6044438183859567,542.0,845.0,0.0035008638226118514,291.0,0.0025148217045270933,543,80332.0,0.8581885176517453,80651.0,0.6315606750071295,80386.0,0.323663324459483
92.0,9,241115.0,95125.0,145990.0,0.6054787134769716,636.0,1081.0,0.004483337826348423,449.0,0.003135433299462912,637,80522.0,0.86399990064827,80437.0,0.6332284893767793,80156.0,0.3179300364289635
92.0,10,241256.0,93501.0,147755.0,0.6124407268627516,597.0,847.0,0.003510793513943695,425.0,0.0025657392976754984,598,80533.0,0.8769821067140179,80296.0,0.6403432300488193,80427.0,0.31969363522200256
92.0,11,241055.0,93473.0,147582.0,0.6122337225944287,631.0,836.0,0.0034680881956399992,368.0,0.002476613221049138,632,80154.0,0.8795568530578636,80541.0,0.6384325995455731,80360.0,0.31933797909407663
92.0,12,241327.0,99930.0,141397.0,0.5859145474812184,713.0,735.0,0.0030456600380396725,484.0,0.0022583465588185327,714,80320.0,0.8426792828685259,80621.0,0.6114287840637055,80386.0,0.30377180105988605
92.0,13,241178.0,93074.0,148104.0,0.6140858618945343,636.0,788.0,0.0032672963537304397,298.0,0.0023882775377522,637,80468.0,0.878125466023761,80205.0,0.6436132410697587,80505.0,0.32075026395876033
92.0,14,241253.0,89478.0,151775.0,0.6291113478381616,519.0,967.0,0.004008240312037571,257.0,0.0028517780089781265,520,80944.0,0.8961504249851749,79989.0,0.6580404805660779,80320.0,0.33118774900398407
92.0,15,241034.0,95416.0,145618.0,0.6041388351850776,592.0,783.0,0.0032485043603806933,318.0,0.0023565140187691365,593,80296.0,0.8624215403008867,80299.0,0.6313154584739537,80439.0,0.3191859670060543
92.0,16,241171.0,93540.0,147631.0,0.6121424217671279,635.0,826.0,0.003424955736800859,406.0,0.0025044470520916694,636,80447.0,0.8745882382189516,80440.0,0.6405768274490303,80284.0,0.32067410692043247
92.0,17,241309.0,100063.0,141246.0,0.5853324989950645,621.0,838.0,0.003472725841141441,403.0,0.0025403113849877127,622,80363.0,0.838706867588318,80432.0,0.6112368211657052,80514.0,0.3065553816727526
92.0,18,241104.0,106441.0,134663.0,0.5585266109230871,714.0,601.0,0.0024927002455371956,319.0,0.0018415289667529364,715,80670.0,0.8060617329862403,80197.0,0.5797723106849383,80237.0,0.2884205541084537
92.0,19,240877.0,94165.0,146712.0,0.609074340846158,543.0,837.0,0.0034748024925584427,282.0,0.0025905337578930325,544,80718.0,0.8655070740107534,80216.0,0.637067417971477,79943.0,0.3220669727180616
92.0,20,241274.0,100501.0,140773.0,0.5834569825178013,593.0,705.0,0.002921989107819326,359.0,0.0021510813432031634,594,80380.0,0.8405573525752674,80418.0,0.6103484294560919,80476.0,0.2997912421094488
92.0,21,241065.0,97283.0,143782.0,0.5964449422354966,628.0,782.0,0.0032439383568747017,309.0,0.0023893970505880157,629,80353.0,0.8540191405423568,80526.0,0.6221965576335593,80186.0,0.31247349911455863
92.0,22,241170.0,94107.0,147063.0,0.6097897748476179,554.0,898.0,0.0037235145333167474,360.0,0.002815441389890948,555,80334.0,0.8748350636094306,80606.0,0.6368260427263479,80230.0,0.3172379409198554
92.0,23,241406.0,93603.0,147803.0,0.612259015931667,532.0,906.0,0.003753013595353885,337.0,0.0026759898262677813,533,80588.0,0.874919342830198,80108.0,0.6386253557697109,80710.0,0.323826043860736
92.0,24,241019.0,100134.0,140885.0,0.5845389782548264,549.0,904.0,0.0037507416427750508,353.0,0.0028462486359996514,550,80537.0,0.8400859232402498,80096.0,0.6080703156212545,80386.0,0.305065558679372
92.0,25,241249.0,99608.0,141641.0,0.5871153870067856,532.0,917.0,0.0038010520250861143,345.0,0.0027813586792069605,533,80249.0,0.8421413350945183,80548.0,0.612765059343497,80452.0,0.30705265251329983
92.0,26,241000.0,100782.0,140218.0,0.5818174273858921,562.0,759.0,0.003149377593360996,264.0,0.0023526970954356845,563,80533.0,0.8387990016514969,79884.0,0.6066421310900806,80583.0,0.30038593748061004
92.0,27,241361.0,94471.0,146890.0,0.6085904516471178,571.0,898.0,0.003720567945939899,390.0,0.0026972046022348266,572,80558.0,0.8708756423942997,80326.0,0.6342902671613176,80477.0,0.32038967655354944
92.0,28,240953.0,95543.0,145410.0,0.6034786867148365,537.0,830.0,0.003444655181715936,351.0,0.002527463862246994,538,80299.0,0.8643569658401724,80464.0,0.6298220322131637,80190.0,0.3158124454420751
92.0,29,240922.0,98760.0,142162.0,0.5900747959920638,617.0,856.0,0.0035530171590805325,345.0,0.0026108034965673537,618,80400.0,0.8488308457711443,80228.0,0.6152340828638381,80294.0,0.30583854335317706
92.0,30,240997.0,94690.0,146307.0,0.6070905446955771,592.0,838.0,0.0034772217081540436,364.0,0.00251455412308037,593,80558.0,0.8731845378485067,80044.0,0.6316775773324671,80395.0,0.31597736177622987
93.0,1,243789.0,88437.0,155352.0,0.6372395801287178,518.0,1040.0,0.004265984109209193,352.0,0.0030723289401900825,519,81357.0,0.8912078862298266,81090.0,0.6685657910963128,81342.0,0.35199527919156154
93.0,2,243717.0,85047.0,158670.0,0.6510419872228855,501.0,1005.0,0.00412363519984244,336.0,0.0030198960269492894,502,81269.0,0.9087351880790954,81101.0,0.6830495308319257,81347.0,0.36168512667953334
93.0,3,243696.0,86924.0,156772.0,0.6433096973278183,476.0,1152.0,0.004727201103013591,299.0,0.003381261900072221,477,81329.0,0.8962485706205658,81325.0,0.6764217645250538,81042.0,0.3562473779028158
93.0,4,243863.0,87302.0,156561.0,0.6420039120325757,502.0,850.0,0.0034855636156366485,306.0,0.002567015086339461,503,80960.0,0.9001235177865613,81449.0,0.6740659799383664,81454.0,0.35338964323421806
93.0,5,243825.0,83633.0,160192.0,0.6569957961652825,464.0,907.0,0.0037198810622372605,297.0,0.002715062032195222,465,81353.0,0.9146067139503153,81406.0,0.6892858020293344,81066.0,0.3660474181531098
93.0,6,243794.0,85436.0,158358.0,0.649556592861186,503.0,1008.0,0.0041346382601704715,312.0,0.002998433103357753,504,81373.0,0.903936195052413,81057.0,0.6836053641264789,81364.0,0.36122855316847746
93.0,7,243989.0,83233.0,160756.0,0.6588657685387456,497.0,1329.0,0.00544696687145732,308.0,0.003910012336621733,498,81357.0,0.9135538429391448,81429.0,0.6932419653931646,81203.0,0.36922281196507517
93.0,8,243809.0,89332.0,154477.0,0.6335984315591303,512.0,1034.0,0.004241024736576582,339.0,0.0030761784839772118,513,81375.0,0.8888479262672812,80798.0,0.6652887447709102,81636.0,0.3477999902004018
93.0,9,243784.0,82309.0,161475.0,0.6623691464575198,459.0,1204.0,0.004938798280444984,282.0,0.0034948971220424637,460,81451.0,0.9165878871959828,81092.0,0.6988605534454694,81241.0,0.3710687953127116
93.0,10,243859.0,89772.0,154087.0,0.6318692359109157,500.0,975.0,0.003998212081571728,302.0,0.0028664105077114235,501,81006.0,0.890106905661309,81470.0,0.6613722842764208,81383.0,0.34529324306059006
93.0,11,243800.0,84119.0,159681.0,0.6549671862182116,521.0,981.0,0.0040237899917965544,332.0,0.0028958162428219855,522,81144.0,0.9174677117223701,81196.0,0.6888147199369427,81460.0,0.3597471151485392
93.0,12,243706.0,88785.0,154921.0,0.6356880831821949,640.0,851.0,0.0034919123862358742,382.0,0.0025358423674427385,641,81452.0,0.8874797426705299,80805.0,0.6662211496813316,81449.0,0.3535955014794534
93.0,13,243597.0,240590.0,3007.0,0.012344158589802008,111.0,82.0,0.00033662155116852835,24.0,0.00022988788860289742,112,81064.0,0.017924109345702162,81129.0,0.012708156146384153,81404.0,0.006424745712741388
93.0,14,243778.0,88649.0,155129.0,0.6363535675901845,488.0,1262.0,0.005176841224392685,357.0,0.0036754752274610505,489,81373.0,0.8928883044744571,80950.0,0.6683508338480544,81455.0,0.34827819041188385
93.0,15,244075.0,81430.0,162645.0,0.6663730410734405,513.0,1220.0,0.004998463587012189,280.0,0.0035071187135101915,514,81473.0,0.9205749143888159,81567.0,0.7008961957654444,81035.0,0.3760473869315728
93.0,16,243924.0,81619.0,162305.0,0.6653916793755432,492.0,1137.0,0.004661287942145914,276.0,0.0033248060871418966,493,81836.0,0.9204873160956059,81477.0,0.6990684487646821,80611.0,0.37238094056642396
93.0,17,243886.0,87241.0,156645.0,0.6422877901970593,466.0,1238.0,0.005076142131979695,296.0,0.00357544098472237,467,81563.0,0.8944496891973076,81105.0,0.6759262684174835,81218.0,0.3554630746878771
93.0,18,243955.0,85810.0,158145.0,0.648254801090365,533.0,1085.0,0.004447541554794942,304.0,0.003283392428931565,534,81332.0,0.9042566271578223,81667.0,0.6808135476998053,80956.0,0.35821927960867633
93.0,19,243673.0,82347.0,161326.0,0.6620593992768998,447.0,1054.0,0.004325468968658817,270.0,0.0031189339811961113,448,81598.0,0.921922105933969,80868.0,0.6979893159222437,81207.0,0.3651655645449284
93.0,20,243585.0,88615.0,154970.0,0.6362050208346163,549.0,1042.0,0.004277767514420018,333.0,0.003062585955621241,550,81337.0,0.8930499034879575,80997.0,0.6691235477857205,81251.0,0.34627266125955375
93.0,21,243894.0,81849.0,162045.0,0.664407488499102,498.0,1116.0,0.004575758321237915,321.0,0.0032883137756566376,499,81194.0,0.9246742370125871,81585.0,0.6983268983268983,81115.0,0.36977131233434013
93.0,22,243916.0,82954.0,160962.0,0.6599075091424916,454.0,1175.0,0.004817232161891799,295.0,0.0035176044211941817,455,81257.0,0.9142473879173486,81697.0,0.6952152465818818,80962.0,0.36901262320594846
93.0,23,243686.0,86179.0,157507.0,0.6463522730070664,528.0,1116.0,0.004579663993828123,367.0,0.0032993278235105834,529,81362.0,0.9015265111477102,80860.0,0.6805713579025476,81464.0,0.3575321614455465
93.0,24,243706.0,86137.0,157569.0,0.6465536342970628,474.0,1135.0,0.0046572509499150615,324.0,0.0034057429854004416,475,80946.0,0.9059372915276851,81368.0,0.6796037754399764,81392.0,0.3555509140947513
93.0,25,243761.0,87259.0,156502.0,0.6420305134947756,587.0,1133.0,0.004647995372516522,326.0,0.00331882458637764,588,80787.0,0.9020015596568755,81407.0,0.6743400444679204,81567.0,0.35229933674157443
93.0,26,243715.0,83453.0,160262.0,0.657579549884086,483.0,1190.0,0.004882752395215724,310.0,0.0034876802822969453,484,81150.0,0.9169316081330868,81268.0,0.6902963035881282,81297.0,0.3659913649950183
93.0,27,243957.0,85736.0,158221.0,0.6485610169005194,521.0,1162.0,0.0047631344868152995,325.0,0.00337354533790791,522,81358.0,0.9055655252095676,81039.0,0.6809190636607065,81560.0,0.36004168710152035
93.0,28,243645.0,86053.0,157592.0,0.6468099078577438,476.0,951.0,0.0039032198485501445,335.0,0.002815571836072975,477,81228.0,0.9032599596198355,81392.0,0.6774744446628661,81025.0,0.3589139154581919
93.0,29,243788.0,86664.0,157124.0,0.6445108044694571,544.0,1016.0,0.004167555417001657,363.0,0.002994404974814183,545,81208.0,0.899985223130726,80776.0,0.6774041794592454,81804.0,0.35841768128697865
93.0,30,243961.0,84865.0,159096.0,0.6521370219010416,500.0,1003.0,0.0041113128737790055,292.0,0.003037370727288378,501,81255.0,0.9067011260845487,81285.0,0.6852801869963708,81421.0,0.3650041144176564
94.0,1,246335.0,77205.0,169130.0,0.6865853411005338,472.0,1246.0,0.005058152515882842,288.0,0.0036332636450362313,473,82105.0,0.9316241398209609,82108.0,0.7256661957421932,82122.0,0.4025230754243686
94.0,2,246230.0,78459.0,167771.0,0.6813588920927588,472.0,1277.0,0.005186208016894773,273.0,0.0036388742232871707,473,81695.0,0.9334108574576168,82446.0,0.7191373747665138,82089.0,0.39257391367905564
94.0,3,246320.0,78149.0,168171.0,0.6827338421565443,451.0,1189.0,0.004827054238389087,286.0,0.0034223773952582006,452,82245.0,0.9274849534926135,82305.0,0.7186440677966102,81770.0,0.40041580041580044
94.0,4,246693.0,77026.0,169667.0,0.6877657655466511,442.0,1312.0,0.005318351148998958,272.0,0.0037658141901067317,443,82095.0,0.932882635970522,82057.0,0.7277502224063761,82541.0,0.4042233556656692
94.0,5,246660.0,76579.0,170081.0,0.6895362036811806,461.0,1266.0,0.0051325711505716375,239.0,0.003685234736073948,462,82346.0,0.9344351881087121,82039.0,0.7303965187288972,82275.0,0.4036827711941659
94.0,6,246333.0,77220.0,169113.0,0.686521903277271,457.0,1204.0,0.004887692676174122,300.0,0.0034627922365253537,458,82264.0,0.9355854322668482,81644.0,0.7256013914065945,82425.0,0.39923566878980893
94.0,7,246472.0,78884.0,167588.0,0.6799474179622838,450.0,1191.0,0.0048321918919796165,276.0,0.0034040377811678404,451,81890.0,0.9247893515691782,82459.0,0.7198122703404116,82123.0,0.39577219536548836
94.0,8,246473.0,79914.0,166559.0,0.6757697597708471,452.0,1182.0,0.0047956571308013455,300.0,0.003404023970171175,453,81773.0,0.9230186002714833,82178.0,0.7146803280683395,82522.0,0.39201667434138776
94.0,9,246410.0,77281.0,169129.0,0.686372306318737,450.0,1309.0,0.005312284404042043,294.0,0.0038391299054421494,451,82199.0,0.9297071740532123,81957.0,0.7247092987786278,82254.0,0.4050015804702507
94.0,10,246759.0,75065.0,171694.0,0.6957963032756658,457.0,1341.0,0.005434452238824116,307.0,0.003858015310485129,458,82340.0,0.9361792567403449,82417.0,0.7374813448681704,82002.0,0.4125265237433233
94.0,11,246576.0,75509.0,171067.0,0.6937698721692298,448.0,1321.0,0.0053573746025566155,293.0,0.0038324897800272534,449,82181.0,0.9391465180516178,82199.0,0.7325271596978066,82196.0,0.40967930312910605
94.0,12,246366.0,79487.0,166879.0,0.6773621360090272,463.0,1134.0,0.004602907868780595,286.0,0.0032593783233075993,464,82078.0,0.9252783937230439,82231.0,0.7170775011856843,82057.0,0.3895828509450748
94.0,13,246474.0,78131.0,168343.0,0.6830051039866274,552.0,1231.0,0.0049944416043882925,285.0,0.0036231002052954874,553,82014.0,0.9305850220694027,82175.0,0.7224459993915424,82285.0,0.39685240323266696
94.0,14,246429.0,79241.0,167188.0,0.678442878070357,457.0,1322.0,0.005364628351370983,276.0,0.00381042815577712,458,81776.0,0.9246722754842497,82788.0,0.7154901676571483,81865.0,0.3950161851829231
94.0,15,246426.0,76460.0,169966.0,0.6897242985723909,430.0,1146.0,0.004650483309391055,267.0,0.0033924991681072614,431,82012.0,0.936204457884212,82317.0,0.7294240557843459,82097.0,0.40369319219947136
94.0,16,246660.0,75763.0,170897.0,0.6928444012000324,455.0,1333.0,0.005404200113516581,290.0,0.0038595637719938377,456,82223.0,0.9338992739257872,82500.0,0.7327636363636364,81937.0,0.41075460414708864
94.0,17,246385.0,75916.0,170469.0,0.6918805933802789,460.0,1281.0,0.005199180144895185,286.0,0.00360817419891633,461,82416.0,0.9341026014366143,81897.0,0.7301976873389746,82072.0,0.4104079344965396
94.0,18,246241.0,77080.0,169161.0,0.686973331004991,455.0,1208.0,0.004905763053268952,277.0,0.0034762691834422377,456,81927.0,0.934148693348957,82337.0,0.7269514313127755,81977.0,0.39979506446930235
94.0,19,246496.0,76726.0,169770.0,0.6887332857328313,522.0,1349.0,0.00547270543943918,309.0,0.003987894326885629,523,82029.0,0.9350229796779188,82180.0,0.7277683134582623,82287.0,0.40423153110454874
94.0,20,246281.0,79956.0,166325.0,0.6753464538474344,473.0,1137.0,0.004616677697426923,292.0,0.0033579529074512448,474,81813.0,0.9222372972510481,82053.0,0.7141116107881491,82415.0,0.3916641388096827
94.0,21,246501.0,78662.0,167839.0,0.6808856759201788,499.0,1455.0,0.005902612971144134,312.0,0.004137914247812382,500,81822.0,0.9292610789274278,82319.0,0.7202468445923784,82360.0,0.39479116075764936
94.0,22,246173.0,77526.0,168647.0,0.6850751300914397,491.0,1254.0,0.005093978624788258,318.0,0.003745333566231878,492,82157.0,0.9280889029541001,82214.0,0.7227601138492228,81802.0,0.4031319527639911
94.0,23,246524.0,75376.0,171148.0,0.6942447794129578,432.0,1306.0,0.005297658645811361,289.0,0.003784621375606432,433,82467.0,0.9372597523858028,82187.0,0.7321595872826603,81870.0,0.4113961157933309
94.0,24,246504.0,80846.0,165658.0,0.6720296628046604,464.0,1267.0,0.005139876026352514,296.0,0.0036591698309155225,465,82055.0,0.9161781731765279,81902.0,0.7113135210373374,82547.0,0.390359431596545
94.0,25,246478.0,77146.0,169332.0,0.687006548251771,460.0,1263.0,0.005124189582843094,293.0,0.0036636129796574135,461,82332.0,0.926954282660448,81985.0,0.7265719338903458,82161.0,0.40707878433806793
94.0,26,246532.0,76528.0,170004.0,0.6895818798371003,466.0,1228.0,0.004981097788522382,294.0,0.0036060227475540703,467,82258.0,0.9322740645286781,82105.0,0.72978503136228,82169.0,0.40645498910781436
94.0,27,246554.0,77722.0,168832.0,0.6847668259285998,475.0,1253.0,0.005082050990857986,303.0,0.0036422041418918373,476,81643.0,0.929951128694438,82621.0,0.72490044903838,82290.0,0.4012152144853567
94.0,28,246452.0,80596.0,165856.0,0.6729748592017918,559.0,1220.0,0.004950254004836642,353.0,0.003619366042880561,560,81834.0,0.9201920961947356,82160.0,0.7110150925024342,82458.0,0.38972567852725026
94.0,29,246483.0,76886.0,169597.0,0.6880677369230332,523.0,1305.0,0.005294482783802534,296.0,0.0036675957368256635,524,82037.0,0.935590038641101,82279.0,0.7300283182829155,82167.0,0.3989192741611596
94.0,30,246496.0,75448.0,171048.0,0.693917954043879,450.0,1092.0,0.004430092171881085,284.0,0.003140010385564066,451,82356.0,0.9422750012142406,82188.0,0.7342799435440697,81952.0,0.40385835611089416
95.0,1,249067.0,70800.0,178267.0,0.7157391384647505,430.0,1318.0,0.005291748806546029,273.0,0.003637575431510397,431,83001.0,0.9459042662136601,82942.0,0.7588676424489402,83124.0,0.4428805158558298
95.0,2,249101.0,68001.0,181100.0,0.7270143435795119,501.0,1337.0,0.00536730081372616,327.0,0.0037173676540840864,502,83070.0,0.9552064523895509,83215.0,0.7735744757555729,82816.0,0.4513379057187017
95.0,3,248896.0,71314.0,177582.0,0.7134787220365132,424.0,1486.0,0.005970365132424788,279.0,0.004138274620725122,425,82869.0,0.9490521184037457,82729.0,0.7564699198588162,83298.0,0.43642104252202935
95.0,4,249107.0,70129.0,178978.0,0.7184784048621676,429.0,1248.0,0.005009895346176543,275.0,0.003584804923185619,430,82956.0,0.9526134336274652,83120.0,0.762211260827719,83031.0,0.4407751321795474
95.0,5,249225.0,69176.0,180049.0,0.7224355502056374,433.0,1317.0,0.005284381582907012,276.0,0.0037115056675694653,434,83026.0,0.9537494278900586,82911.0,0.7669308053213687,83288.0,0.4475554701757756
95.0,6,249061.0,68097.0,180964.0,0.7265850534607987,435.0,1327.0,0.005328012013121284,263.0,0.003730009917249188,436,82884.0,0.9547319144828917,83166.0,0.7715412548397181,83011.0,0.4537470937586585
95.0,7,248913.0,69614.0,179299.0,0.720327986083491,461.0,1459.0,0.005861485739997509,284.0,0.0040817474378598145,462,82867.0,0.952453932204617,83127.0,0.7644086758814825,82919.0,0.4441563453490756
95.0,8,248944.0,69710.0,179234.0,0.7199771836236262,429.0,1339.0,0.0053787197120637575,277.0,0.0037357799344430874,430,83165.0,0.9521433295256418,82632.0,0.7630336915480685,83147.0,0.4449709550555041
95.0,9,248947.0,70135.0,178812.0,0.7182733674235882,443.0,1513.0,0.006077598846340787,274.0,0.00420973138860882,444,82565.0,0.9533458487252467,83562.0,0.7635169096000575,82820.0,0.43827577879739194
95.0,10,249051.0,69440.0,179611.0,0.7211816053739997,440.0,1344.0,0.005396485057277425,280.0,0.0037944035558981895,441,82963.0,0.9524245748104577,83165.0,0.7642998857692539,82923.0,0.44658297456676677
95.0,11,248966.0,68373.0,180593.0,0.7253721391675971,457.0,1310.0,0.005261762650321731,255.0,0.0036993003060658883,458,83150.0,0.9545039085989176,82887.0,0.7703138007166384,82929.0,0.45071084903953984
95.0,12,248941.0,70226.0,178715.0,0.7179010287578181,439.0,1454.0,0.005840741380487746,296.0,0.004073254305236984,440,82894.0,0.9501893985089391,83070.0,0.7590586252558084,82977.0,0.44464128613953263
95.0,13,249021.0,68895.0,180126.0,0.7233365860710542,428.0,1371.0,0.005505559772067416,281.0,0.003806907851145084,429,82733.0,0.9544196390799319,83085.0,0.7700066197267859,83203.0,0.44695503767892986
95.0,14,248928.0,70954.0,177974.0,0.7149617560097699,466.0,1357.0,0.005451375498136007,276.0,0.0038203817971461627,467,83304.0,0.945980985306828,82724.0,0.7551254774914172,82900.0,0.44273823884197827
95.0,15,248992.0,67110.0,181882.0,0.7304732682174527,441.0,1541.0,0.006188953861971469,280.0,0.00431740778820203,442,82991.0,0.9567181983588582,83099.0,0.7780478706121614,82902.0,0.45629779739933896
95.0,16,249009.0,69800.0,179209.0,0.7196888465878744,427.0,1277.0,0.005128328694946769,287.0,0.0036143271929930244,428,82520.0,0.9524478914202618,83438.0,0.7658500922840912,83051.0,0.4420416370663809
95.0,17,248937.0,68771.0,180166.0,0.7237413482125999,433.0,1373.0,0.005515451700631084,280.0,0.0038242607567376486,434,83272.0,0.949995196464598,82717.0,0.7650180736728847,82948.0,0.4554419636398708
95.0,18,248981.0,72080.0,176901.0,0.7104999979918146,451.0,1464.0,0.00587996674445038,277.0,0.004072599917262763,452,82596.0,0.9425032689234345,83255.0,0.7526394811122455,83130.0,0.437784193431974
95.0,19,249007.0,70978.0,178029.0,0.7149558044552964,440.0,1515.0,0.006084166308577671,273.0,0.004208717024019405,441,83091.0,0.9445547652573685,82882.0,0.7602977727371444,83034.0,0.4399402654334369
95.0,20,249073.0,67956.0,181117.0,0.7271643253182802,408.0,1610.0,0.006463968394807948,278.0,0.0044806141171463785,409,83266.0,0.9548074844474336,82806.0,0.7749317682293554,83001.0,0.4511391429018928
95.0,21,249044.0,73239.0,175805.0,0.7059194359229695,435.0,1277.0,0.005127607972888325,292.0,0.003670034210822184,436,82599.0,0.9415005024273901,83071.0,0.748395950452023,83374.0,0.43020605944299184
95.0,22,249073.0,71258.0,177815.0,0.7139071677781212,419.0,1392.0,0.005588722984827741,270.0,0.003946634119314418,420,82903.0,0.9476617251486678,83149.0,0.7586741873023127,83021.0,0.4356488117464256
95.0,23,249287.0,71016.0,178271.0,0.71512353231416,435.0,1469.0,0.005892806283520601,273.0,0.004115738085018473,436,82895.0,0.9502503166656614,83002.0,0.7589214717717645,83390.0,0.4377982971579326
95.0,24,248869.0,68866.0,180003.0,0.7232841374377684,450.0,1522.0,0.006115667278769152,250.0,0.004263287110889665,451,83198.0,0.9537969662732277,82868.0,0.7658806777043008,82803.0,0.4490417013876309
95.0,25,249208.0,69585.0,179623.0,0.7207754165195339,433.0,1525.0,0.006119386215530802,288.0,0.0042855767070078005,434,82977.0,0.9515046338141895,83321.0,0.764837195904994,82910.0,0.44557954408394645
95.0,26,249020.0,69779.0,179241.0,0.7197855593928199,442.0,1328.0,0.005332904987551201,267.0,0.003770781463336278,443,82836.0,0.9524482109227872,83292.0,0.7631705325841618,82892.0,0.4436857597838151
95.0,27,248907.0,68963.0,179944.0,0.7229366791612932,442.0,1387.0,0.005572362368274094,262.0,0.0039532837565837845,443,83113.0,0.9509342702104364,83037.0,0.7674651059166395,82757.0,0.44927921505129476
95.0,28,249115.0,68180.0,180935.0,0.7263111414407001,427.0,1471.0,0.005904903357886919,290.0,0.004130622403307709,428,82900.0,0.9582026537997588,83533.0,0.7728083511905475,82682.0,0.4468324423695605
95.0,29,249100.0,68673.0,180427.0,0.7243155359293456,468.0,1489.0,0.005977519068647129,300.0,0.004167001204335608,469,83026.0,0.9579770192469829,82913.0,0.7695295068324629,83161.0,0.4459542333545773
95.0,30,249277.0,70226.0,179051.0,0.718281269431195,455.0,1212.0,0.004862061080645226,293.0,0.0033777685065208584,456,82956.0,0.9511668836491635,82857.0,0.763858213548644,83464.0,0.441567621968753
100.0,1,262132.0,33956.0,228176.0,0.8704622098789923,382.0,2219.0,0.008465200738559199,256.0,0.0051462621885157095,383,87321.0,0.9915942327733306,87091.0,0.9158810898944781,87720.0,0.7047879616963064
100.0,2,262132.0,32646.0,229486.0,0.8754596920635405,383.0,2169.0,0.008274457143729114,249.0,0.005153891932308913,384,87331.0,0.9935647135610494,87618.0,0.9206327466958844,87183.0,0.7117557321954968
100.0,3,262132.0,32975.0,229157.0,0.8742045992095585,382.0,2222.0,0.008476645354249005,255.0,0.005249263729723956,383,87269.0,0.9918298594002453,87468.0,0.9179128366945626,87395.0,0.7130041764402998
100.0,4,262132.0,32436.0,229696.0,0.8762608151618269,386.0,2226.0,0.008491904841835412,256.0,0.005268338089206965,387,87409.0,0.992403528240799,87559.0,0.9193115499263353,87164.0,0.7165458216694965
100.0,5,262132.0,31597.0,230535.0,0.8794614926830757,375.0,2202.0,0.008400347916316971,256.0,0.005138632444722506,376,87404.0,0.9934213537137888,87385.0,0.9229844939062768,87343.0,0.7218781127279805
100.0,6,262132.0,32844.0,229288.0,0.8747043474280134,381.0,2220.0,0.0084690156104558,249.0,0.005272152961103566,382,87404.0,0.9927920918951078,87146.0,0.9195143781699676,87582.0,0.7122696444474892
100.0,7,262132.0,33913.0,228219.0,0.8706262493705461,379.0,2142.0,0.008171455602520868,243.0,0.005012741672134649,380,87412.0,0.9920605866471423,87202.0,0.9155065250797,87518.0,0.7046207637286044
100.0,8,262132.0,34084.0,228048.0,0.8699739062762273,386.0,2185.0,0.008335495094074741,251.0,0.005108113469549693,387,87373.0,0.9920341524269511,87556.0,0.9148430718625794,87203.0,0.7026249096934738
100.0,9,262132.0,33640.0,228492.0,0.8716677093983184,383.0,2265.0,0.008640684845802878,255.0,0.005367524758518609,384,87283.0,0.9919801106744727,87587.0,0.9173964172765364,87262.0,0.7054273337764434
100.0,10,262132.0,33038.0,229094.0,0.8739642622800726,387.0,2141.0,0.008167640730624266,261.0,0.005085224238170082,388,87441.0,0.9936414267906359,87286.0,0.9204683454391311,87405.0,0.7077970367827927
100.0,11,262132.0,32835.0,229297.0,0.8747386812750828,381.0,2230.0,0.008507164329421817,257.0,0.0052912273205865746,382,87125.0,0.9922410329985653,87429.0,0.918825561312608,87578.0,0.7138322409737605
100.0,12,262132.0,33530.0,228602.0,0.8720873453069445,380.0,2237.0,0.00853386843269803,255.0,0.005321746295759389,381,87285.0,0.9929999427163888,87240.0,0.9182599724896836,87607.0,0.7056399602771468
100.0,13,262132.0,31972.0,230160.0,0.8780309157218501,382.0,2262.0,0.008629240230113073,251.0,0.005352265270932202,383,87658.0,0.9947409249583609,87134.0,0.9239676819611173,87340.0,0.7150675520952599
100.0,14,262132.0,32471.0,229661.0,0.8761272946454458,384.0,2239.0,0.008541498176491233,253.0,0.0052759678330001674,385,87269.0,0.9928153181542129,87516.0,0.9195118606883312,87347.0,0.716074965368015
100.0,15,262132.0,31927.0,230205.0,0.8782025849571972,380.0,2294.0,0.008751316130804328,254.0,0.0052912273205865746,381,87216.0,0.992879746835443,87661.0,0.9245388485187256,87255.0,0.7170248123316716
100.0,16,262132.0,32850.0,229282.0,0.8746814581966338,385.0,2293.0,0.008747501258907726,254.0,0.005405673477484626,386,87287.0,0.9913274599883144,87264.0,0.9181105610561056,87581.0,0.7151551135520261
100.0,17,262132.0,33996.0,228136.0,0.8703096150031282,383.0,2187.0,0.008343124837867944,255.0,0.005203485266964735,384,87205.0,0.9920532079582592,87105.0,0.9154124332701912,87822.0,0.7046867527498805
100.0,18,262132.0,33081.0,229051.0,0.8738002227885188,386.0,2131.0,0.00812949201165825,257.0,0.0050547052629972685,387,87469.0,0.9928088808606478,87464.0,0.9185379127412421,87199.0,0.7095494214383192
100.0,19,262132.0,33489.0,228643.0,0.8722437550547053,385.0,2225.0,0.008488089969938809,255.0,0.005222559626447744,386,87270.0,0.9915434857339291,87436.0,0.9148863168488952,87426.0,0.7105094594285453
100.0,20,262132.0,31232.0,230900.0,0.8808539209253353,382.0,2301.0,0.008778020234080539,256.0,0.005333190911449194,383,87795.0,0.9938834785580044,87493.0,0.9234110157384019,86844.0,0.7237114826585602
100.0,21,262132.0,32936.0,229196.0,0.874353379213526,384.0,2181.0,0.008320235606488334,260.0,0.005234004242137549,385,87494.0,0.9923880494662491,87340.0,0.9192924204259216,87298.0,0.711093037641183
100.0,22,262132.0,31791.0,230341.0,0.878721407535135,383.0,2316.0,0.008835243312529566,252.0,0.0054094883493812276,384,87709.0,0.9932276049208177,87321.0,0.9229738550864053,87102.0,0.7190535234552593
100.0,23,262132.0,31771.0,230361.0,0.878797704973067,381.0,2263.0,0.008633055102009674,255.0,0.005375154502311812,382,87618.0,0.9928096966376772,87300.0,0.9249026345933562,87214.0,0.7181071846263215
100.0,24,262132.0,34159.0,227973.0,0.8696877908839821,393.0,2191.0,0.008358384325454351,252.0,0.005298857064379778,394,87677.0,0.9920389611870845,87064.0,0.9153266562528715,87391.0,0.7014681145655731
100.0,25,262132.0,31878.0,230254.0,0.8783895136801306,378.0,2251.0,0.008587276639250454,246.0,0.0052912273205865746,379,87628.0,0.9938033505272288,87359.0,0.9238200986732906,87145.0,0.7167938493315739
100.0,26,262132.0,32787.0,229345.0,0.8749217951261197,381.0,2204.0,0.008407977660110174,252.0,0.005314116551966185,382,87350.0,0.993016599885518,87433.0,0.9211968021227683,87349.0,0.7105061305796289
100.0,27,262132.0,34265.0,227867.0,0.8692834144629423,385.0,2268.0,0.008652129461492682,257.0,0.005378969374208414,386,87155.0,0.9911536916986977,87664.0,0.915347234896879,87313.0,0.7013846735308602
100.0,28,262132.0,33927.0,228205.0,0.8705728411639937,388.0,2239.0,0.008541498176491233,261.0,0.005306486808172982,389,87249.0,0.990784994670426,87770.0,0.9141392275264897,87113.0,0.7062780526442667
100.0,29,262132.0,31943.0,230189.0,0.8781415470068515,392.0,2205.0,0.008411792532006775,255.0,0.005176781163688524,393,87455.0,0.9929449431136013,87518.0,0.924358417696931,87159.0,0.716541034201861
100.0,30,262132.0,32449.0,229683.0,0.876211221827171,379.0,2192.0,0.008362199197350952,257.0,0.005161521676102117,380,87618.0,0.9935059006140291,87533.0,0.919755977745536,86981.0,0.7142364424414527
